Date,Beta,P/S,P/B,P/E,EPS,ROE,ROA,ROC
26/3/2024,0.77,8.31,4.08,17.55,5476.00,5.92,2.82,8.85
27/3/2024,0.77,8.31,4.08,17.55,5476.00,5.92,2.82,8.85
28/3/2024,0.77,8.31,4.08,17.55,5476.00,5.92,2.82,8.85
29/3/2024,0.77,8.31,4.08,17.55,5476.00,5.92,2.82,8.85
30/3/2024,0.77,8.31,4.08,17.55,5476.00,5.92,2.82,8.85
31/3/2024,0.77,8.31,4.08,17.55,5476.00,5.92,2.82,8.85
1/4/2024,0.76,10.5,4.66,21.02,5541.00,5.83,2.94,8.39
2/4/2024,0.76,10.5,4.66,21.02,5541.00,5.83,2.94,8.39
3/4/2024,0.76,10.5,4.66,21.02,5541.00,5.83,2.94,8.39
4/4/2024,0.76,10.5,4.66,21.02,5541.00,5.83,2.94,8.39
5/4/2024,0.76,10.5,4.66,21.02,5541.00,5.83,2.94,8.39
6/4/2024,0.76,10.5,4.66,21.02,5541.00,5.83,2.94,8.39
7/4/2024,0.76,10.5,4.66,21.02,5541.00,5.83,2.94,8.39
8/4/2024,0.76,10.5,4.66,21.02,5541.00,5.83,2.94,8.39
9/4/2024,0.76,10.5,4.66,21.02,5541.00,5.83,2.94,8.39
10/4/2024,0.76,10.5,4.66,21.02,5541.00,5.83,2.94,8.39
11/4/2024,0.76,10.5,4.66,21.02,5541.00,5.83,2.94,8.39
12/4/2024,0.76,10.5,4.66,21.02,5541.00,5.83,2.94,8.39
13/4/2024,0.76,10.5,4.66,21.02,5541.00,5.83,2.94,8.39
14/4/2024,0.76,10.5,4.66,21.02,5541.00,5.83,2.94,8.39
15/4/2024,0.76,10.5,4.66,21.02,5541.00,5.83,2.94,8.39
16/4/2024,0.76,10.5,4.66,21.02,5541.00,5.83,2.94,8.39
17/4/2024,0.76,10.5,4.66,21.02,5541.00,5.83,2.94,8.39
18/4/2024,0.76,10.5,4.66,21.02,5541.00,5.83,2.94,8.39
19/4/2024,0.76,10.5,4.66,21.02,5541.00,5.83,2.94,8.39
20/4/2024,0.76,10.5,4.66,21.02,5541.00,5.83,2.94,8.39
21/4/2024,0.76,10.5,4.66,21.02,5541.00,5.83,2.94,8.39
22/4/2024,0.76,10.5,4.66,21.02,5541.00,5.83,2.94,8.39
23/4/2024,0.76,10.5,4.66,21.02,5541.00,5.83,2.94,8.39
24/4/2024,0.76,10.5,4.66,21.02,5541.00,5.83,2.94,8.39
25/4/2024,0.76,10.5,4.66,21.02,5541.00,5.83,2.94,8.39
26/4/2024,0.76,10.5,4.66,21.02,5541.00,5.83,2.94,8.39
27/4/2024,0.76,10.5,4.66,21.02,5541.00,5.83,2.94,8.39
28/4/2024,0.76,10.5,4.66,21.02,5541.00,5.83,2.94,8.39
29/4/2024,0.76,10.5,4.66,21.02,5541.00,5.83,2.94,8.39
30/4/2024,0.76,10.5,4.66,21.02,5541.00,5.83,2.94,8.39
1/5/2024,0.76,10.5,4.66,21.02,5541.00,5.83,2.94,8.39
2/5/2024,0.76,10.5,4.66,21.02,5541.00,5.83,2.94,8.39
3/5/2024,0.76,10.5,4.66,21.02,5541.00,5.83,2.94,8.39
4/5/2024,0.76,10.5,4.66,21.02,5541.00,5.83,2.94,8.39
5/5/2024,0.76,10.5,4.66,21.02,5541.00,5.83,2.94,8.39
6/5/2024,0.76,10.5,4.66,21.02,5541.00,5.83,2.94,8.39
7/5/2024,0.76,10.5,4.66,21.02,5541.00,5.83,2.94,8.39
8/5/2024,0.76,10.5,4.66,21.02,5541.00,5.83,2.94,8.39
9/5/2024,0.76,10.5,4.66,21.02,5541.00,5.83,2.94,8.39
10/5/2024,0.76,10.5,4.66,21.02,5541.00,5.83,2.94,8.39
11/5/2024,0.76,10.5,4.66,21.02,5541.00,5.83,2.94,8.39
12/5/2024,0.76,10.5,4.66,21.02,5541.00,5.83,2.94,8.39
13/5/2024,0.76,10.5,4.66,21.02,5541.00,5.83,2.94,8.39
14/5/2024,0.76,10.5,4.66,21.02,5541.00,5.83,2.94,8.39
15/5/2024,0.76,10.5,4.66,21.02,5541.00,5.83,2.94,8.39
16/5/2024,0.76,10.5,4.66,21.02,5541.00,5.83,2.94,8.39
17/5/2024,0.76,10.5,4.66,21.02,5541.00,5.83,2.94,8.39
18/5/2024,0.76,10.5,4.66,21.02,5541.00,5.83,2.94,8.39
19/5/2024,0.76,10.5,4.66,21.02,5541.00,5.83,2.94,8.39
20/5/2024,0.76,10.5,4.66,21.02,5541.00,5.83,2.94,8.39
21/5/2024,0.76,10.5,4.66,21.02,5541.00,5.83,2.94,8.39
22/5/2024,0.76,10.5,4.66,21.02,5541.00,5.83,2.94,8.39
23/5/2024,0.76,10.5,4.66,21.02,5541.00,5.83,2.94,8.39
24/5/2024,0.76,10.5,4.66,21.02,5541.00,5.83,2.94,8.39
25/5/2024,0.76,10.5,4.66,21.02,5541.00,5.83,2.94,8.39
26/5/2024,0.76,10.5,4.66,21.02,5541.00,5.83,2.94,8.39
27/5/2024,0.76,10.5,4.66,21.02,5541.00,5.83,2.94,8.39
28/5/2024,0.76,10.5,4.66,21.02,5541.00,5.83,2.94,8.39
29/5/2024,0.76,10.5,4.66,21.02,5541.00,5.83,2.94,8.39
30/5/2024,0.76,10.5,4.66,21.02,5541.00,5.83,2.94,8.39
31/5/2024,0.76,10.5,4.66,21.02,5541.00,5.83,2.94,8.39
1/6/2024,0.76,10.5,4.66,21.02,5541.00,5.83,2.94,8.39
2/6/2024,0.76,10.5,4.66,21.02,5541.00,5.83,2.94,8.39
3/6/2024,0.76,10.5,4.66,21.02,5541.00,5.83,2.94,8.39
4/6/2024,0.76,10.5,4.66,21.02,5541.00,5.83,2.94,8.39
5/6/2024,0.76,10.5,4.66,21.02,5541.00,5.83,2.94,8.39
6/6/2024,0.76,10.5,4.66,21.02,5541.00,5.83,2.94,8.39
7/6/2024,0.76,10.5,4.66,21.02,5541.00,5.83,2.94,8.39
8/6/2024,0.76,10.5,4.66,21.02,5541.00,5.83,2.94,8.39
9/6/2024,0.76,10.5,4.66,21.02,5541.00,5.83,2.94,8.39
10/6/2024,0.76,10.5,4.66,21.02,5541.00,5.83,2.94,8.39
11/6/2024,0.76,10.5,4.66,21.02,5541.00,5.83,2.94,8.39
12/6/2024,0.76,10.5,4.66,21.02,5541.00,5.83,2.94,8.39
13/6/2024,0.76,10.5,4.66,21.02,5541.00,5.83,2.94,8.39
14/6/2024,0.76,10.5,4.66,21.02,5541.00,5.83,2.94,8.39
15/6/2024,0.76,10.5,4.66,21.02,5541.00,5.83,2.94,8.39
16/6/2024,0.76,10.5,4.66,21.02,5541.00,5.83,2.94,8.39
17/6/2024,0.76,10.5,4.66,21.02,5541.00,5.83,2.94,8.39
18/6/2024,0.76,10.5,4.66,21.02,5541.00,5.83,2.94,8.39
19/6/2024,0.76,10.5,4.66,21.02,5541.00,5.83,2.94,8.39
20/6/2024,0.76,10.5,4.66,21.02,5541.00,5.83,2.94,8.39
21/6/2024,0.76,10.5,4.66,21.02,5541.00,5.83,2.94,8.39
22/6/2024,0.76,10.5,4.66,21.02,5541.00,5.83,2.94,8.39
23/6/2024,0.76,10.5,4.66,21.02,5541.00,5.83,2.94,8.39
24/6/2024,0.76,10.5,4.66,21.02,5541.00,5.83,2.94,8.39
25/6/2024,0.76,10.5,4.66,21.02,5541.00,5.83,2.94,8.39
26/6/2024,0.76,10.5,4.66,21.02,5541.00,5.83,2.94,8.39
27/6/2024,0.76,10.5,4.66,21.02,5541.00,5.83,2.94,8.39
28/6/2024,0.76,10.5,4.66,21.02,5541.00,5.83,2.94,8.39
29/6/2024,0.76,10.5,4.66,21.02,5541.00,5.83,2.94,8.39
30/6/2024,0.76,10.5,4.66,21.02,5541.00,5.83,2.94,8.39
1/7/2024,0.8,12.5,5.81,23.23,5618.00,5.81,2.94,8.4
2/7/2024,0.8,12.5,5.81,23.23,5618.00,5.81,2.94,8.4
3/7/2024,0.8,12.5,5.81,23.23,5618.00,5.81,2.94,8.4
4/7/2024,0.8,12.5,5.81,23.23,5618.00,5.81,2.94,8.4
5/7/2024,0.8,12.5,5.81,23.23,5618.00,5.81,2.94,8.4
6/7/2024,0.8,12.5,5.81,23.23,5618.00,5.81,2.94,8.4
7/7/2024,0.8,12.5,5.81,23.23,5618.00,5.81,2.94,8.4
8/7/2024,0.8,12.5,5.81,23.23,5618.00,5.81,2.94,8.4
9/7/2024,0.8,12.5,5.81,23.23,5618.00,5.81,2.94,8.4
10/7/2024,0.8,12.5,5.81,23.23,5618.00,5.81,2.94,8.4
11/7/2024,0.8,12.5,5.81,23.23,5618.00,5.81,2.94,8.4
12/7/2024,0.8,12.5,5.81,23.23,5618.00,5.81,2.94,8.4
13/7/2024,0.8,12.5,5.81,23.23,5618.00,5.81,2.94,8.4
14/7/2024,0.8,12.5,5.81,23.23,5618.00,5.81,2.94,8.4
15/7/2024,0.8,12.5,5.81,23.23,5618.00,5.81,2.94,8.4
16/7/2024,0.8,12.5,5.81,23.23,5618.00,5.81,2.94,8.4
17/7/2024,0.8,12.5,5.81,23.23,5618.00,5.81,2.94,8.4
18/7/2024,0.8,12.5,5.81,23.23,5618.00,5.81,2.94,8.4
19/7/2024,0.8,12.5,5.81,23.23,5618.00,5.81,2.94,8.4
20/7/2024,0.8,12.5,5.81,23.23,5618.00,5.81,2.94,8.4
21/7/2024,0.8,12.5,5.81,23.23,5618.00,5.81,2.94,8.4
22/7/2024,0.8,12.5,5.81,23.23,5618.00,5.81,2.94,8.4
23/7/2024,0.8,12.5,5.81,23.23,5618.00,5.81,2.94,8.4
24/7/2024,0.8,12.5,5.81,23.23,5618.00,5.81,2.94,8.4
25/7/2024,0.8,12.5,5.81,23.23,5618.00,5.81,2.94,8.4
26/7/2024,0.8,12.5,5.81,23.23,5618.00,5.81,2.94,8.4
27/7/2024,0.8,12.5,5.81,23.23,5618.00,5.81,2.94,8.4
28/7/2024,0.8,12.5,5.81,23.23,5618.00,5.81,2.94,8.4
29/7/2024,0.8,12.5,5.81,23.23,5618.00,5.81,2.94,8.4
30/7/2024,0.8,12.5,5.81,23.23,5618.00,5.81,2.94,8.4
31/7/2024,0.8,12.5,5.81,23.23,5618.00,5.81,2.94,8.4
1/8/2024,0.8,12.5,5.81,23.23,5618.00,5.81,2.94,8.4
2/8/2024,0.8,12.5,5.81,23.23,5618.00,5.81,2.94,8.4
3/8/2024,0.8,12.5,5.81,23.23,5618.00,5.81,2.94,8.4
4/8/2024,0.8,12.5,5.81,23.23,5618.00,5.81,2.94,8.4
5/8/2024,0.8,12.5,5.81,23.23,5618.00,5.81,2.94,8.4
6/8/2024,0.8,12.5,5.81,23.23,5618.00,5.81,2.94,8.4
7/8/2024,0.8,12.5,5.81,23.23,5618.00,5.81,2.94,8.4
8/8/2024,0.8,12.5,5.81,23.23,5618.00,5.81,2.94,8.4
9/8/2024,0.8,12.5,5.81,23.23,5618.00,5.81,2.94,8.4
10/8/2024,0.8,12.5,5.81,23.23,5618.00,5.81,2.94,8.4
11/8/2024,0.8,12.5,5.81,23.23,5618.00,5.81,2.94,8.4
12/8/2024,0.8,12.5,5.81,23.23,5618.00,5.81,2.94,8.4
13/8/2024,0.8,12.5,5.81,23.23,5618.00,5.81,2.94,8.4
14/8/2024,0.8,12.5,5.81,23.23,5618.00,5.81,2.94,8.4
15/8/2024,0.8,12.5,5.81,23.23,5618.00,5.81,2.94,8.4
16/8/2024,0.8,12.5,5.81,23.23,5618.00,5.81,2.94,8.4
17/8/2024,0.8,12.5,5.81,23.23,5618.00,5.81,2.94,8.4
18/8/2024,0.8,12.5,5.81,23.23,5618.00,5.81,2.94,8.4
19/8/2024,0.8,12.5,5.81,23.23,5618.00,5.81,2.94,8.4
20/8/2024,0.8,12.5,5.81,23.23,5618.00,5.81,2.94,8.4
21/8/2024,0.8,12.5,5.81,23.23,5618.00,5.81,2.94,8.4
22/8/2024,0.8,12.5,5.81,23.23,5618.00,5.81,2.94,8.4
23/8/2024,0.8,12.5,5.81,23.23,5618.00,5.81,2.94,8.4
24/8/2024,0.8,12.5,5.81,23.23,5618.00,5.81,2.94,8.4
25/8/2024,0.8,12.5,5.81,23.23,5618.00,5.81,2.94,8.4
26/8/2024,0.8,12.5,5.81,23.23,5618.00,5.81,2.94,8.4
27/8/2024,0.8,12.5,5.81,23.23,5618.00,5.81,2.94,8.4
28/8/2024,0.8,12.5,5.81,23.23,5618.00,5.81,2.94,8.4
29/8/2024,0.8,12.5,5.81,23.23,5618.00,5.81,2.94,8.4
30/8/2024,0.8,12.5,5.81,23.23,5618.00,5.81,2.94,8.4
31/8/2024,0.8,12.5,5.81,23.23,5618.00,5.81,2.94,8.4
1/9/2024,0.8,12.5,5.81,23.23,5618.00,5.81,2.94,8.4
2/9/2024,0.8,12.5,5.81,23.23,5618.00,5.81,2.94,8.4
3/9/2024,0.8,12.5,5.81,23.23,5618.00,5.81,2.94,8.4
4/9/2024,0.8,12.5,5.81,23.23,5618.00,5.81,2.94,8.4
5/9/2024,0.8,12.5,5.81,23.23,5618.00,5.81,2.94,8.4
6/9/2024,0.8,12.5,5.81,23.23,5618.00,5.81,2.94,8.4
7/9/2024,0.8,12.5,5.81,23.23,5618.00,5.81,2.94,8.4
8/9/2024,0.8,12.5,5.81,23.23,5618.00,5.81,2.94,8.4
9/9/2024,0.8,12.5,5.81,23.23,5618.00,5.81,2.94,8.4
10/9/2024,0.8,12.5,5.81,23.23,5618.00,5.81,2.94,8.4
11/9/2024,0.8,12.5,5.81,23.23,5618.00,5.81,2.94,8.4
12/9/2024,0.8,12.5,5.81,23.23,5618.00,5.81,2.94,8.4
13/9/2024,0.8,12.5,5.81,23.23,5618.00,5.81,2.94,8.4
14/9/2024,0.8,12.5,5.81,23.23,5618.00,5.81,2.94,8.4
15/9/2024,0.8,12.5,5.81,23.23,5618.00,5.81,2.94,8.4
16/9/2024,0.8,12.5,5.81,23.23,5618.00,5.81,2.94,8.4
17/9/2024,0.8,12.5,5.81,23.23,5618.00,5.81,2.94,8.4
18/9/2024,0.8,12.5,5.81,23.23,5618.00,5.81,2.94,8.4
19/9/2024,0.8,12.5,5.81,23.23,5618.00,5.81,2.94,8.4
20/9/2024,0.8,12.5,5.81,23.23,5618.00,5.81,2.94,8.4
21/9/2024,0.8,12.5,5.81,23.23,5618.00,5.81,2.94,8.4
22/9/2024,0.8,12.5,5.81,23.23,5618.00,5.81,2.94,8.4
23/9/2024,0.8,12.5,5.81,23.23,5618.00,5.81,2.94,8.4
24/9/2024,0.8,12.5,5.81,23.23,5618.00,5.81,2.94,8.4
25/9/2024,0.8,12.5,5.81,23.23,5618.00,5.81,2.94,8.4
26/9/2024,0.8,12.5,5.81,23.23,5618.00,5.81,2.94,8.4
27/9/2024,0.8,12.5,5.81,23.23,5618.00,5.81,2.94,8.4
28/9/2024,0.8,12.5,5.81,23.23,5618.00,5.81,2.94,8.4
29/9/2024,0.8,12.5,5.81,23.23,5618.00,5.81,2.94,8.4
30/9/2024,0.8,12.5,5.81,23.23,5618.00,5.81,2.94,8.4
1/10/2024,0.81,12.35,5.55,23.8,5652.00,6.13,3.14,8.61
2/10/2024,0.81,12.35,5.55,23.8,5652.00,6.13,3.14,8.61
3/10/2024,0.81,12.35,5.55,23.8,5652.00,6.13,3.14,8.61
4/10/2024,0.81,12.35,5.55,23.8,5652.00,6.13,3.14,8.61
5/10/2024,0.81,12.35,5.55,23.8,5652.00,6.13,3.14,8.61
6/10/2024,0.81,12.35,5.55,23.8,5652.00,6.13,3.14,8.61
7/10/2024,0.81,12.35,5.55,23.8,5652.00,6.13,3.14,8.61
8/10/2024,0.81,12.35,5.55,23.8,5652.00,6.13,3.14,8.61
9/10/2024,0.81,12.35,5.55,23.8,5652.00,6.13,3.14,8.61
10/10/2024,0.81,12.35,5.55,23.8,5652.00,6.13,3.14,8.61
11/10/2024,0.81,12.35,5.55,23.8,5652.00,6.13,3.14,8.61
12/10/2024,0.81,12.35,5.55,23.8,5652.00,6.13,3.14,8.61
13/10/2024,0.81,12.35,5.55,23.8,5652.00,6.13,3.14,8.61
14/10/2024,0.81,12.35,5.55,23.8,5652.00,6.13,3.14,8.61
15/10/2024,0.81,12.35,5.55,23.8,5652.00,6.13,3.14,8.61
16/10/2024,0.81,12.35,5.55,23.8,5652.00,6.13,3.14,8.61
17/10/2024,0.81,12.35,5.55,23.8,5652.00,6.13,3.14,8.61
18/10/2024,0.81,12.35,5.55,23.8,5652.00,6.13,3.14,8.61
19/10/2024,0.81,12.35,5.55,23.8,5652.00,6.13,3.14,8.61
20/10/2024,0.81,12.35,5.55,23.8,5652.00,6.13,3.14,8.61
21/10/2024,0.81,12.35,5.55,23.8,5652.00,6.13,3.14,8.61
22/10/2024,0.81,12.35,5.55,23.8,5652.00,6.13,3.14,8.61
23/10/2024,0.81,12.35,5.55,23.8,5652.00,6.13,3.14,8.61
24/10/2024,0.81,12.35,5.55,23.8,5652.00,6.13,3.14,8.61
25/10/2024,0.81,12.35,5.55,23.8,5652.00,6.13,3.14,8.61
26/10/2024,0.81,12.35,5.55,23.8,5652.00,6.13,3.14,8.61
27/10/2024,0.81,12.35,5.55,23.8,5652.00,6.13,3.14,8.61
28/10/2024,0.81,12.35,5.55,23.8,5652.00,6.13,3.14,8.61
29/10/2024,0.81,12.35,5.55,23.8,5652.00,6.13,3.14,8.61
30/10/2024,0.81,12.35,5.55,23.8,5652.00,6.13,3.14,8.61
31/10/2024,0.81,12.35,5.55,23.8,5652.00,6.13,3.14,8.61
1/11/2024,0.81,12.35,5.55,23.8,5652.00,6.13,3.14,8.61
2/11/2024,0.81,12.35,5.55,23.8,5652.00,6.13,3.14,8.61
3/11/2024,0.81,12.35,5.55,23.8,5652.00,6.13,3.14,8.61
4/11/2024,0.81,12.35,5.55,23.8,5652.00,6.13,3.14,8.61
5/11/2024,0.81,12.35,5.55,23.8,5652.00,6.13,3.14,8.61
6/11/2024,0.81,12.35,5.55,23.8,5652.00,6.13,3.14,8.61
7/11/2024,0.81,12.35,5.55,23.8,5652.00,6.13,3.14,8.61
8/11/2024,0.81,12.35,5.55,23.8,5652.00,6.13,3.14,8.61
9/11/2024,0.81,12.35,5.55,23.8,5652.00,6.13,3.14,8.61
10/11/2024,0.81,12.35,5.55,23.8,5652.00,6.13,3.14,8.61
11/11/2024,0.81,12.35,5.55,23.8,5652.00,6.13,3.14,8.61
12/11/2024,0.81,12.35,5.55,23.8,5652.00,6.13,3.14,8.61
13/11/2024,0.81,12.35,5.55,23.8,5652.00,6.13,3.14,8.61
14/11/2024,0.81,12.35,5.55,23.8,5652.00,6.13,3.14,8.61
15/11/2024,0.81,12.35,5.55,23.8,5652.00,6.13,3.14,8.61
16/11/2024,0.81,12.35,5.55,23.8,5652.00,6.13,3.14,8.61
17/11/2024,0.81,12.35,5.55,23.8,5652.00,6.13,3.14,8.61
18/11/2024,0.81,12.35,5.55,23.8,5652.00,6.13,3.14,8.61
19/11/2024,0.81,12.35,5.55,23.8,5652.00,6.13,3.14,8.61
20/11/2024,0.81,12.35,5.55,23.8,5652.00,6.13,3.14,8.61
21/11/2024,0.81,12.35,5.55,23.8,5652.00,6.13,3.14,8.61
22/11/2024,0.81,12.35,5.55,23.8,5652.00,6.13,3.14,8.61
23/11/2024,0.81,12.35,5.55,23.8,5652.00,6.13,3.14,8.61
24/11/2024,0.81,12.35,5.55,23.8,5652.00,6.13,3.14,8.61
25/11/2024,0.81,12.35,5.55,23.8,5652.00,6.13,3.14,8.61
26/11/2024,0.81,12.35,5.55,23.8,5652.00,6.13,3.14,8.61
27/11/2024,0.81,12.35,5.55,23.8,5652.00,6.13,3.14,8.61
28/11/2024,0.81,12.35,5.55,23.8,5652.00,6.13,3.14,8.61
29/11/2024,0.81,12.35,5.55,23.8,5652.00,6.13,3.14,8.61
30/11/2024,0.81,12.35,5.55,23.8,5652.00,6.13,3.14,8.61
1/12/2024,0.81,12.35,5.55,23.8,5652.00,6.13,3.14,8.61
2/12/2024,0.81,12.35,5.55,23.8,5652.00,6.13,3.14,8.61
3/12/2024,0.81,12.35,5.55,23.8,5652.00,6.13,3.14,8.61
4/12/2024,0.81,12.35,5.55,23.8,5652.00,6.13,3.14,8.61
5/12/2024,0.81,12.35,5.55,23.8,5652.00,6.13,3.14,8.61
6/12/2024,0.81,12.35,5.55,23.8,5652.00,6.13,3.14,8.61
7/12/2024,0.81,12.35,5.55,23.8,5652.00,6.13,3.14,8.61
8/12/2024,0.81,12.35,5.55,23.8,5652.00,6.13,3.14,8.61
9/12/2024,0.81,12.35,5.55,23.8,5652.00,6.13,3.14,8.61
10/12/2024,0.81,12.35,5.55,23.8,5652.00,6.13,3.14,8.61
11/12/2024,0.81,12.35,5.55,23.8,5652.00,6.13,3.14,8.61
12/12/2024,0.81,12.35,5.55,23.8,5652.00,6.13,3.14,8.61
13/12/2024,0.81,12.35,5.55,23.8,5652.00,6.13,3.14,8.61
14/12/2024,0.81,12.35,5.55,23.8,5652.00,6.13,3.14,8.61
15/12/2024,0.81,12.35,5.55,23.8,5652.00,6.13,3.14,8.61
16/12/2024,0.81,12.35,5.55,23.8,5652.00,6.13,3.14,8.61
17/12/2024,0.81,12.35,5.55,23.8,5652.00,6.13,3.14,8.61
18/12/2024,0.81,12.35,5.55,23.8,5652.00,6.13,3.14,8.61
19/12/2024,0.81,12.35,5.55,23.8,5652.00,6.13,3.14,8.61
20/12/2024,0.81,12.35,5.55,23.8,5652.00,6.13,3.14,8.61
21/12/2024,0.81,12.35,5.55,23.8,5652.00,6.13,3.14,8.61
22/12/2024,0.81,12.35,5.55,23.8,5652.00,6.13,3.14,8.61
23/12/2024,0.81,12.35,5.55,23.8,5652.00,6.13,3.14,8.61
24/12/2024,0.81,12.35,5.55,23.8,5652.00,6.13,3.14,8.61
25/12/2024,0.81,12.35,5.55,23.8,5652.00,6.13,3.14,8.61
26/12/2024,0.81,12.35,5.55,23.8,5652.00,6.13,3.14,8.61
27/12/2024,0.81,12.35,5.55,23.8,5652.00,6.13,3.14,8.61
28/12/2024,0.81,12.35,5.55,23.8,5652.00,6.13,3.14,8.61
29/12/2024,0.81,12.35,5.55,23.8,5652.00,6.13,3.14,8.61
30/12/2024,0.81,12.35,5.55,23.8,5652.00,6.13,3.14,8.61
31/12/2024,0.81,12.35,5.55,23.8,5652.00,6.13,3.14,8.61
1/1/2025,0.96,12.74,6.27,26.77,5697.00,5.87,2.99,8.38
2/1/2025,0.96,12.74,6.27,26.77,5697.00,5.87,2.99,8.38
3/1/2025,0.96,12.74,6.27,26.77,5697.00,5.87,2.99,8.38
4/1/2025,0.96,12.74,6.27,26.77,5697.00,5.87,2.99,8.38
5/1/2025,0.96,12.74,6.27,26.77,5697.00,5.87,2.99,8.38
6/1/2025,0.96,12.74,6.27,26.77,5697.00,5.87,2.99,8.38
7/1/2025,0.96,12.74,6.27,26.77,5697.00,5.87,2.99,8.38
8/1/2025,0.96,12.74,6.27,26.77,5697.00,5.87,2.99,8.38
9/1/2025,0.96,12.74,6.27,26.77,5697.00,5.87,2.99,8.38
10/1/2025,0.96,12.74,6.27,26.77,5697.00,5.87,2.99,8.38
11/1/2025,0.96,12.74,6.27,26.77,5697.00,5.87,2.99,8.38
12/1/2025,0.96,12.74,6.27,26.77,5697.00,5.87,2.99,8.38
13/1/2025,0.96,12.74,6.27,26.77,5697.00,5.87,2.99,8.38
14/1/2025,0.96,12.74,6.27,26.77,5697.00,5.87,2.99,8.38
15/1/2025,0.96,12.74,6.27,26.77,5697.00,5.87,2.99,8.38
16/1/2025,0.96,12.74,6.27,26.77,5697.00,5.87,2.99,8.38
17/1/2025,0.96,12.74,6.27,26.77,5697.00,5.87,2.99,8.38
18/1/2025,0.96,12.74,6.27,26.77,5697.00,5.87,2.99,8.38
19/1/2025,0.96,12.74,6.27,26.77,5697.00,5.87,2.99,8.38
20/1/2025,0.96,12.74,6.27,26.77,5697.00,5.87,2.99,8.38
21/1/2025,0.96,12.74,6.27,26.77,5697.00,5.87,2.99,8.38
22/1/2025,0.96,12.74,6.27,26.77,5697.00,5.87,2.99,8.38
23/1/2025,0.96,12.74,6.27,26.77,5697.00,5.87,2.99,8.38
24/1/2025,0.96,12.74,6.27,26.77,5697.00,5.87,2.99,8.38
25/1/2025,0.96,12.74,6.27,26.77,5697.00,5.87,2.99,8.38
26/1/2025,0.96,12.74,6.27,26.77,5697.00,5.87,2.99,8.38
27/1/2025,0.96,12.74,6.27,26.77,5697.00,5.87,2.99,8.38
28/1/2025,0.96,12.74,6.27,26.77,5697.00,5.87,2.99,8.38
29/1/2025,0.96,12.74,6.27,26.77,5697.00,5.87,2.99,8.38
30/1/2025,0.96,12.74,6.27,26.77,5697.00,5.87,2.99,8.38
31/1/2025,0.96,12.74,6.27,26.77,5697.00,5.87,2.99,8.38
1/2/2025,0.96,12.74,6.27,26.77,5697.00,5.87,2.99,8.38
2/2/2025,0.96,12.74,6.27,26.77,5697.00,5.87,2.99,8.38
3/2/2025,0.96,12.74,6.27,26.77,5697.00,5.87,2.99,8.38
4/2/2025,0.96,12.74,6.27,26.77,5697.00,5.87,2.99,8.38
5/2/2025,0.96,12.74,6.27,26.77,5697.00,5.87,2.99,8.38
6/2/2025,0.96,12.74,6.27,26.77,5697.00,5.87,2.99,8.38
7/2/2025,0.96,12.74,6.27,26.77,5697.00,5.87,2.99,8.38
8/2/2025,0.96,12.74,6.27,26.77,5697.00,5.87,2.99,8.38
9/2/2025,0.96,12.74,6.27,26.77,5697.00,5.87,2.99,8.38
10/2/2025,0.96,12.74,6.27,26.77,5697.00,5.87,2.99,8.38
11/2/2025,0.96,12.74,6.27,26.77,5697.00,5.87,2.99,8.38
12/2/2025,0.96,12.74,6.27,26.77,5697.00,5.87,2.99,8.38
13/2/2025,0.96,12.74,6.27,26.77,5697.00,5.87,2.99,8.38
14/2/2025,0.96,12.74,6.27,26.77,5697.00,5.87,2.99,8.38
15/2/2025,0.96,12.74,6.27,26.77,5697.00,5.87,2.99,8.38
16/2/2025,0.96,12.74,6.27,26.77,5697.00,5.87,2.99,8.38
17/2/2025,0.96,12.74,6.27,26.77,5697.00,5.87,2.99,8.38
18/2/2025,0.96,12.74,6.27,26.77,5697.00,5.87,2.99,8.38
19/2/2025,0.96,12.74,6.27,26.77,5697.00,5.87,2.99,8.38
20/2/2025,0.96,12.74,6.27,26.77,5697.00,5.87,2.99,8.38
21/2/2025,0.96,12.74,6.27,26.77,5697.00,5.87,2.99,8.38
22/2/2025,0.96,12.74,6.27,26.77,5697.00,5.87,2.99,8.38
23/2/2025,0.96,12.74,6.27,26.77,5697.00,5.87,2.99,8.38
24/2/2025,0.96,12.74,6.27,26.77,5697.00,5.87,2.99,8.38
25/2/2025,0.96,12.74,6.27,26.77,5697.00,5.87,2.99,8.38
26/2/2025,0.96,12.74,6.27,26.77,5697.00,5.87,2.99,8.38
27/2/2025,0.96,12.74,6.27,26.77,5697.00,5.87,2.99,8.38
28/2/2025,0.96,12.74,6.27,26.77,5697.00,5.87,2.99,8.38
1/3/2025,0.96,12.74,6.27,26.77,5697.00,5.87,2.99,8.38
2/3/2025,0.96,12.74,6.27,26.77,5697.00,5.87,2.99,8.38
3/3/2025,0.96,12.74,6.27,26.77,5697.00,5.87,2.99,8.38
4/3/2025,0.96,12.74,6.27,26.77,5697.00,5.87,2.99,8.38
5/3/2025,0.96,12.74,6.27,26.77,5697.00,5.87,2.99,8.38
6/3/2025,0.96,12.74,6.27,26.77,5697.00,5.87,2.99,8.38
7/3/2025,0.96,12.74,6.27,26.77,5697.00,5.87,2.99,8.38
8/3/2025,0.96,12.74,6.27,26.77,5697.00,5.87,2.99,8.38
9/3/2025,0.96,12.74,6.27,26.77,5697.00,5.87,2.99,8.38
10/3/2025,0.96,12.74,6.27,26.77,5697.00,5.87,2.99,8.38
11/3/2025,0.96,12.74,6.27,26.77,5697.00,5.87,2.99,8.38
12/3/2025,0.96,12.74,6.27,26.77,5697.00,5.87,2.99,8.38
