Date,Total Volume_lag1,Total Value_lag1,Market Cap_lag1,Closing Price_lag1,Price Change_lag1,Price Change %_lag1,Matched Volume_lag1,Matched Value_lag1,sentiment_score_lag1,Foreign Investor Room_lag1,Remaining Room Shares_lag1,Remaining Room %_lag1,Matched Buy Volume_lag1,Matched Buy Value_lag1,Matched Sell Volume_lag1,Matched Sell Value_lag1,Negotiated Buy Volume_lag1,Negotiated Buy Value_lag1,Negotiated Sell Volume_lag1,Negotiated Sell Value_lag1,Total Buy Volume_lag1,Total Buy Value_lag1,Total Sell Volume_lag1,Total Sell Value_lag1,EPS,P/E,P/B,P/S,Loi nhuan,GT_Khop,KL_Khop,KL_Ban,KL_Mua,Closing Price,MA5,MA10,STD5,STD10
2024-03-27,3110290.0,365684.0,146046421.0,115000.0,1000.0,0.88,1693300.0,193338.0,1.0,622284748.0,0.0,0.0,0.0,0.0,6200.0,707.0,1390790.0,169537.0,1390790.0,169537.0,1390790.0,169537.0,1396990.0,170244.0,5476,4.08,17.55,8.31,1728400000000.0,5008978,48078100,71546400,67035400,115200,,,,
2024-03-28,1467800.0,168909.0,146300414.0,115200.0,200.0,0.17,1320200.0,151372.0,1.0,622284748.0,0.0,0.0,0.0,0.0,1700.0,194.0,40000.0,4920.0,40000.0,4920.0,40000.0,4920.0,41700.0,5114.0,5476,4.08,17.55,8.31,1728400000000.0,5008978,48078100,71546400,67035400,117100,,,,
2024-03-29,2854400.0,333719.0,148713355.0,117100.0,1900.0,1.65,2803200.0,327411.0,2.0,622284748.0,0.0,0.0,0.0,0.0,0.0,0.0,51200.0,6308.0,51200.0,6308.0,51200.0,6308.0,51200.0,6308.0,5476,4.08,17.55,8.31,1728400000000.0,5008978,48078100,71546400,67035400,116500,,,,
2024-04-01,2594300.0,310422.0,147951374.0,116500.0,-600.0,-0.51,1343500.0,156545.0,1.0,622284748.0,0.0,0.0,0.0,0.0,200.0,23.0,924600.0,115760.0,924600.0,115760.0,924600.0,115760.0,924800.0,115783.0,5541,4.66,21.02,10.5,1798030000000.0,7784914,68853100,121896600,126321700,116800,116120.0,,957.6011695899274,
2024-04-02,3243600.0,387065.0,148332365.0,116800.0,300.0,0.26,1974600.0,229434.0,2.0,622284748.0,0.0,0.0,1700.0,197.0,8440.0,972.0,799000.0,99555.0,799000.0,99555.0,800700.0,99753.0,807440.0,100527.0,5541,4.66,21.02,10.5,1798030000000.0,7784914,68853100,121896600,126321700,117000,116520.0,,772.6577508832723,
2024-04-03,2745500.0,322787.0,148586358.0,117000.0,200.0,0.17,2285800.0,265370.0,2.0,622284748.0,0.0,0.0,0.0,0.0,224.0,23.0,459700.0,57417.0,459700.0,57417.0,459700.0,57417.0,459924.0,57440.0,5541,4.66,21.02,10.5,1798030000000.0,7784914,68853100,121896600,126321700,115100,116500.0,,815.4753215150026,
2024-04-04,2875000.0,336276.0,146173418.0,115100.0,-1900.0,-1.62,2549000.0,295493.0,0.0,622284748.0,0.0,0.0,0.0,0.0,4821.0,562.0,326000.0,40783.0,326000.0,40783.0,326000.0,40783.0,330821.0,41344.0,5541,4.66,21.02,10.5,1798030000000.0,7784914,68853100,121896600,126321700,114000,115880.0,,1287.2451204024806,
2024-04-05,2930000.0,340949.0,144776452.0,114000.0,-1100.0,-0.96,2359500.0,270720.0,2.0,622284748.0,0.0,0.0,8440.0,966.0,15.0,0.0,570500.0,70229.0,570500.0,70229.0,578940.0,71195.0,570515.0,70229.0,5541,4.66,21.02,10.5,1798030000000.0,7784914,68853100,121896600,126321700,113700,115320.0,,1535.2524222420222,
2024-04-08,2840844.0,322836.0,144395461.0,113700.0,-300.0,-0.26,2759000.0,312859.0,1.0,622284748.0,0.0,0.0,0.0,0.0,800.0,91.0,81800.0,9971.0,81800.0,9971.0,81800.0,9971.0,82600.0,10062.0,5541,4.66,21.02,10.5,1798030000000.0,7784914,68853100,121896600,126321700,112600,114480.0,115300.0,1666.433316997712,1545.603082582617
2024-04-09,1952000.0,220502.0,142998495.0,112600.0,-1100.0,-0.97,1952000.0,220502.0,2.0,622284748.0,0.0,0.0,0.0,0.0,0.0,0.0,0.0,0.0,0.0,0.0,0.0,0.0,0.0,0.0,5541,4.66,21.02,10.5,1798030000000.0,7784914,68853100,121896600,126321700,113000,113680.0,115100.0,967.9876032264033,1709.4508539944106
2024-04-10,1432500.0,161738.0,143506483.0,113000.0,400.0,0.36,1432500.0,161738.0,1.0,622284748.0,0.0,0.0,15.0,0.0,13148.0,1479.0,0.0,0.0,0.0,0.0,15.0,0.0,13148.0,1479.0,5541,4.66,21.02,10.5,1798030000000.0,7784914,68853100,121896600,126321700,113800,113420.0,114960.0,593.2958789676503,1757.017675241518
2024-04-11,1982020.0,227719.0,144522458.0,113800.0,800.0,0.71,1791100.0,204637.0,1.0,622284748.0,0.0,0.0,844.0,91.0,100.0,11.0,190920.0,23082.0,190920.0,23082.0,191764.0,23173.0,191020.0,23094.0,5541,4.66,21.02,10.5,1798030000000.0,7784914,68853100,121896600,126321700,114900,113600.0,114740.0,880.3408430829486,1588.989895779355
2024-04-12,1623300.0,186677.0,145919424.0,114900.0,1100.0,0.97,1549400.0,177683.0,0.0,622284748.0,0.0,0.0,0.0,0.0,0.0,0.0,73900.0,8994.0,73900.0,8994.0,73900.0,8994.0,73900.0,8994.0,5541,4.66,21.02,10.5,1798030000000.0,7784914,68853100,121896600,126321700,115500,113960.0,114640.0,1230.0406497347951,1494.5828106123038
2024-04-15,1862520.0,216516.0,146681405.0,115500.0,600.0,0.52,1367300.0,157333.0,2.0,622284748.0,13148.0,0.0,13100.0,1518.0,0.0,0.0,390220.0,47958.0,390220.0,47958.0,403320.0,49476.0,390220.0,47958.0,5541,4.66,21.02,10.5,1798030000000.0,7784914,68853100,121896600,126321700,111600,113760.0,114120.0,1546.9324484281776,1562.61888436617
2024-04-16,4289300.0,491287.0,141728526.0,111600.0,-3900.0,-3.38,3701900.0,418743.0,1.0,622284748.0,0.0,0.0,100.0,12.0,0.0,0.0,587400.0,72544.0,587400.0,72544.0,587500.0,72555.0,587400.0,72544.0,5541,4.66,21.02,10.5,1798030000000.0,7784914,68853100,121896600,126321700,113000,113760.0,113720.0,1546.9324484281776,1217.2829489390597
2024-04-17,4523200.0,513918.0,143506483.0,113000.0,1400.0,1.25,3642700.0,408786.0,2.0,622284748.0,0.0,0.0,0.0,0.0,7701.0,866.0,880500.0,105132.0,880500.0,105132.0,880500.0,105132.0,888201.0,105997.0,5541,4.66,21.02,10.5,1798030000000.0,7784914,68853100,121896600,126321700,111800,113360.0,113390.0,1775.6688880531744,1248.5102233373082
2024-04-19,2998100.0,344269.0,141982520.0,111800.0,-1200.0,-1.06,1943300.0,218044.0,1.0,622284748.0,0.0,0.0,0.0,0.0,10933.0,1226.0,972500.0,117575.0,972500.0,117575.0,972500.0,117575.0,983433.0,118801.0,5541,4.66,21.02,10.5,1798030000000.0,7784914,68853100,121896600,126321700,109000,112180.0,112890.0,2360.5084198112904,1838.7495751189165
2024-04-22,7851100.0,887183.0,138426607.0,109000.0,-2800.0,-2.5,5361100.0,589379.0,0.0,622284748.0,0.0,0.0,0.0,0.0,6600.0,727.0,2490000.0,297804.0,2490000.0,297804.0,2490000.0,297804.0,2496600.0,298531.0,5541,4.66,21.02,10.5,1798030000000.0,7784914,68853100,121896600,126321700,110300,111140.0,112550.0,1532.3185047502352,1981.1612756158938
2024-04-23,2505218.0,276687.0,140077567.0,110300.0,1300.0,1.19,2397300.0,264104.0,2.0,622284748.0,0.0,0.0,0.0,0.0,21900.0,2417.0,107900.0,12581.0,107918.0,12581.0,107900.0,12581.0,129818.0,14998.0,5541,4.66,21.02,10.5,1798030000000.0,7784914,68853100,121896600,126321700,112300,111280.0,112520.0,1614.6206984923724,1982.5908974537995
2024-04-24,4233700.0,472701.0,142617505.0,112300.0,2000.0,1.81,4037600.0,451063.0,1.0,622284748.0,0.0,0.0,0.0,0.0,0.0,0.0,98600.0,11635.0,98600.0,11635.0,98600.0,11635.0,98600.0,11635.0,5541,4.66,21.02,10.5,1798030000000.0,7784914,68853100,121896600,126321700,120100,112700.0,113230.0,4335.320057389074,3119.134495336806
2024-04-25,10945700.0,1299239.0,152523262.0,120100.0,7800.0,6.95,10158700.0,1204720.0,2.0,622284748.0,0.0,0.0,1800.0,204.0,5150.0,612.0,787000.0,94519.0,787000.0,94519.0,788800.0,94723.0,792150.0,95131.0,5541,4.66,21.02,10.5,1798030000000.0,7784914,68853100,121896600,126321700,123200,114980.0,114170.0,6297.380407756864,4444.734712743456
2024-04-26,9215500.0,1158686.0,156460165.0,123200.0,3100.0,2.58,5707700.0,708164.0,0.0,622284748.0,21918.0,0.0,0.0,0.0,3200.0,398.0,3487800.0,448182.0,3465900.0,445368.0,3487800.0,448182.0,3469100.0,445766.0,5541,4.66,21.02,10.5,1798030000000.0,7784914,68853100,121896600,126321700,123200,117820.0,115000.0,6125.928501051902,5290.662634407065
2024-05-02,6053000.0,769750.0,156460165.0,123200.0,0.0,0.0,3396500.0,419623.0,2.0,622284748.0,0.0,0.0,0.0,0.0,13000.0,1604.0,2656500.0,350127.0,2656500.0,350127.0,2656500.0,350127.0,2669500.0,351730.0,5541,4.66,21.02,10.5,1798030000000.0,6978395,60367000,102734100,121793000,127300,121220.0,116180.0,5604.194857425998,6574.665179476611
2024-05-03,6888000.0,890470.0,161667038.0,127300.0,4100.0,3.33,3469300.0,439885.0,0.0,622284748.0,5150.0,0.0,5100.0,631.0,19300.0,2413.0,3418700.0,450585.0,3418700.0,450585.0,3423800.0,451216.0,3438000.0,452997.0,5541,4.66,21.02,10.5,1798030000000.0,6978395,60367000,102734100,121793000,125900,123940.0,117610.0,2782.6246602802903,7008.637528079191
2024-05-06,4665500.0,601728.0,159889081.0,125900.0,-1400.0,-1.1,3191200.0,403104.0,2.0,622284748.0,0.0,0.0,3200.0,410.0,100.0,13.0,1474300.0,198217.0,1474300.0,198217.0,1477500.0,198627.0,1474400.0,198230.0,5541,4.66,21.02,10.5,1798030000000.0,6978395,60367000,102734100,121793000,127600,125440.0,119070.0,2143.1285542402725,7448.497238444216
2024-05-07,2744600.0,346861.0,162048028.0,127600.0,1700.0,1.35,2704600.0,341473.0,1.0,622284748.0,0.0,0.0,13000.0,1645.0,0.0,0.0,40000.0,5388.0,40000.0,5388.0,53000.0,7033.0,40000.0,5388.0,5541,4.66,21.02,10.5,1798030000000.0,6978395,60367000,102734100,121793000,131300,127060.0,121020.0,2939.897957412808,7874.12076220436
2024-05-08,3874168.0,508754.0,166746913.0,131300.0,3700.0,2.9,3122800.0,406192.0,1.0,622284748.0,19454.0,0.0,19400.0,2483.0,4200.0,546.0,738400.0,100792.0,738400.0,100792.0,757800.0,103275.0,742600.0,101338.0,5541,4.66,21.02,10.5,1798030000000.0,6978395,60367000,102734100,121793000,131000,128620.0,123220.0,2399.374918598592,7185.912143446601
2024-05-09,3824500.0,503976.0,166365923.0,131000.0,-300.0,-0.23,3017800.0,392617.0,2.0,622284748.0,0.0,0.0,100.0,13.0,95.0,0.0,806700.0,111359.0,806700.0,111359.0,806800.0,111372.0,806795.0,111359.0,5541,4.66,21.02,10.5,1798030000000.0,6978395,60367000,102734100,121793000,130300,129220.0,125220.0,2361.5672761960436,5849.3684369435205
2024-05-10,3041600.0,399651.0,165476944.0,130300.0,-700.0,-0.53,2203300.0,288297.0,1.0,622284748.0,0.0,0.0,0.0,0.0,3917.0,510.0,638248.0,86967.0,638300.0,86967.0,638248.0,86967.0,642217.0,87478.0,5541,4.66,21.02,10.5,1798030000000.0,6978395,60367000,102734100,121793000,131000,130240.0,127090.0,1520.8550226763891,3936.284203831489
2024-05-13,4168700.0,543191.0,166365923.0,131000.0,700.0,0.54,3789700.0,494172.0,2.0,622284748.0,0.0,0.0,0.0,0.0,380200.0,49773.0,255000.0,33992.0,255000.0,33992.0,255000.0,33992.0,635200.0,83764.0,5541,4.66,21.02,10.5,1798030000000.0,6978395,60367000,102734100,121793000,129700,130660.0,128050.0,650.384501660364,3130.22895861202
2024-05-14,4360200.0,577287.0,164714963.0,129700.0,-1300.0,-0.99,1852200.0,240663.0,1.0,622284748.0,0.0,0.0,0.0,0.0,39400.0,5124.0,2328000.0,314280.0,2328000.0,314280.0,2328000.0,314280.0,2367400.0,319404.0,5541,4.66,21.02,10.5,1798030000000.0,6978395,60367000,102734100,121793000,130500,130500.0,128780.0,543.1390245600107,2694.356241397101
2024-05-15,3151900.0,414149.0,165730938.0,130500.0,800.0,0.62,2304600.0,300958.0,1.0,622284748.0,0.0,0.0,3969.0,507.0,152.0,13.0,847300.0,113192.0,847300.0,113192.0,851269.0,113699.0,847452.0,113205.0,5541,4.66,21.02,10.5,1798030000000.0,6978395,60367000,102734100,121793000,134100,131120.0,129870.0,1729.7398648351723,2371.6145461595383
2024-05-16,4717700.0,627531.0,170302826.0,134100.0,3600.0,2.76,3653100.0,485070.0,2.0,622284748.0,0.0,0.0,200.0,26.0,800.0,106.0,776600.0,105422.0,396600.0,54344.0,776800.0,105448.0,397400.0,54450.0,5541,4.66,21.02,10.5,1798030000000.0,6978395,60367000,102734100,121793000,135400,132140.0,130680.0,2470.4250646396868,2749.4645943447804
2024-05-17,4043900.0,543764.0,171953786.0,135400.0,1300.0,0.97,3119000.0,423780.0,1.0,622284748.0,0.0,0.0,5400.0,732.0,277700.0,37840.0,327400.0,45137.0,293400.0,40464.0,332800.0,45869.0,571100.0,78304.0,5541,4.66,21.02,10.5,1798030000000.0,6978395,60367000,102734100,121793000,134500,132840.0,131540.0,2560.8592308051607,2412.559728679144
2024-05-20,3049001.0,410104.0,170810814.0,134500.0,-900.0,-0.66,2306400.0,310275.0,1.0,622284748.0,0.0,0.0,152.0,14.0,491900.0,66034.0,524600.0,70891.0,524600.0,70891.0,524752.0,70904.0,1016500.0,136925.0,5541,4.66,21.02,10.5,1798030000000.0,6978395,60367000,102734100,121793000,133000,133500.0,132080.0,1885.4707634964802,2002.1099980881131
2024-05-21,3143500.0,423354.0,168905860.0,133000.0,-1500.0,-1.12,2013500.0,270495.0,2.0,622284748.0,0.0,0.0,800.0,108.0,27900.0,3769.0,1100000.0,148838.0,1100000.0,148838.0,1100800.0,148946.0,1127900.0,152607.0,5541,4.66,21.02,10.5,1798030000000.0,6978395,60367000,102734100,121793000,136000,134600.0,132550.0,1164.0446726822815,2324.38761349688
2024-05-22,4206300.0,566508.0,172715767.0,136000.0,3000.0,2.26,3471900.0,467061.0,2.0,622284748.0,0.0,0.0,277700.0,37212.0,607768.0,81607.0,734400.0,99449.0,734400.0,99449.0,1012100.0,136661.0,1342168.0,181056.0,5541,4.66,21.02,10.5,1798030000000.0,6978395,60367000,102734100,121793000,138000,135380.0,133250.0,1849.8648599289625,2809.2110398947625
2024-05-23,7132400.0,970471.0,175255705.0,138000.0,2000.0,1.47,4511800.0,621721.0,0.0,622284748.0,0.0,0.0,455900.0,62845.0,1006688.0,138773.0,26900.0,3678.0,26900.0,3678.0,482800.0,66523.0,1033588.0,142451.0,5541,4.66,21.02,10.5,1798030000000.0,6978395,60367000,102734100,121793000,137500,135800.0,133970.0,2079.663434308542,2890.617004493437
2024-05-24,3769000.0,514269.0,174620720.0,137500.0,-500.0,-0.36,3621500.0,493717.0,0.0,622284748.0,0.0,0.0,0.0,0.0,1372915.0,187149.0,47500.0,6752.0,47500.0,6752.0,47500.0,6752.0,1420415.0,193901.0,5541,4.66,21.02,10.5,1798030000000.0,6978395,60367000,102734100,121793000,131900,135280.0,134060.0,2714.22180375886,2800.476149990678
2024-05-27,14134601.0,1885240.0,167508895.0,131900.0,-5600.0,-4.07,13375600.0,1782682.0,1.0,622284748.0,0.0,0.0,607768.0,83182.0,3271747.0,438575.0,500000.0,67180.0,500000.0,67180.0,1107768.0,150362.0,3771747.0,505755.0,5541,4.66,21.02,10.5,1798030000000.0,6978395,60367000,102734100,121793000,132800,135240.0,134370.0,2757.3538039214336,2408.3419838368172
2024-05-28,6121100.0,808830.0,168651867.0,132800.0,900.0,0.68,5157800.0,682267.0,2.0,622284748.0,0.0,0.0,1006688.0,133885.0,786500.0,104073.0,778300.0,103290.0,778300.0,103290.0,1784988.0,237175.0,1564800.0,207363.0,5541,4.66,21.02,10.5,1798030000000.0,6978395,60367000,102734100,121793000,137000,135440.0,135020.0,2860.594343838357,2105.970349057901
2024-05-29,5419500.0,728079.0,173985736.0,137000.0,4200.0,3.16,4625300.0,623833.0,0.0,622284748.0,0.0,0.0,1122915.0,150601.0,534012.0,71707.0,250000.0,33500.0,0.0,0.0,1372915.0,184101.0,534012.0,71707.0,5541,4.66,21.02,10.5,1798030000000.0,6978395,60367000,102734100,121793000,135700,134980.0,135180.0,2509.382394136055,2089.018908483106
2024-05-30,6107600.0,830817.0,172334776.0,135700.0,-1300.0,-0.95,5837600.0,793587.0,0.0,622284748.0,603909.0,0.05,2417838.0,328272.0,1668251.0,226792.0,250000.0,34500.0,0.0,0.0,2667838.0,362772.0,1668251.0,226792.0,5541,4.66,21.02,10.5,1798030000000.0,6978395,60367000,102734100,121793000,135000,134480.0,135140.0,2096.902477465273,2088.1677242128785
2024-05-31,7301300.0,970579.0,171445798.0,135000.0,-700.0,-0.52,7261300.0,965211.0,0.0,622284748.0,1349609.0,0.11,1348900.0,179663.0,2876100.0,382399.0,0.0,0.0,0.0,0.0,1348900.0,179663.0,2876100.0,382399.0,5541,4.66,21.02,10.5,1798030000000.0,6978395,60367000,102734100,121793000,134600,135020.0,135150.0,1540.1298646542764,2084.999333866121
2024-06-03,2696600.0,362972.0,170937811.0,134600.0,-400.0,-0.3,2633500.0,354488.0,0.0,622284748.0,534061.0,0.04,533900.0,71756.0,178700.0,24089.0,63100.0,8484.0,63100.0,8484.0,597000.0,80241.0,241800.0,32573.0,5541,4.66,21.02,10.5,1798030000000.0,11581548,87243800,150777000,154735700,136900,135840.0,135540.0,1087.6580344942981,2001.2218489934696
2024-06-04,7773600.0,1062261.0,173858739.0,136900.0,2300.0,1.71,7773600.0,1062261.0,2.0,622284748.0,1668251.0,0.13,1244000.0,169893.0,1988200.0,271684.0,0.0,0.0,0.0,0.0,1244000.0,169893.0,1988200.0,271684.0,5541,4.66,21.02,10.5,1798030000000.0,11581548,87243800,150777000,154735700,139100,136260.0,135850.0,1811.9050747762699,2298.429415443888
2024-06-05,7049800.0,979413.0,176652671.0,139100.0,2200.0,1.61,7009800.0,973897.0,2.0,622284748.0,3300052.0,0.26,1943500.0,270084.0,1234600.0,171566.0,0.0,0.0,0.0,0.0,1943500.0,270084.0,1234600.0,171566.0,5541,4.66,21.02,10.5,1798030000000.0,11581548,87243800,150777000,154735700,140100,137140.0,136060.0,2433.7214302380626,2593.6675020347275
2024-06-06,6341801.0,898304.0,177922639.0,140100.0,1000.0,0.72,6321600.0,895476.0,2.0,622284748.0,1535081.0,0.12,1534600.0,217748.0,1972800.0,278766.0,0.0,0.0,0.0,0.0,1534600.0,217748.0,1972800.0,278766.0,5541,4.66,21.02,10.5,1798030000000.0,11581548,87243800,150777000,154735700,139600,138060.0,136270.0,2287.575135378071,2800.0198411995343
2024-06-07,5231800.0,734435.0,177287655.0,139600.0,-500.0,-0.36,5211800.0,731829.0,2.0,622284748.0,1988231.0,0.16,333900.0,46858.0,1928800.0,271071.0,0.0,0.0,0.0,0.0,333900.0,46858.0,1928800.0,271071.0,5541,4.66,21.02,10.5,1798030000000.0,11581548,87243800,150777000,154735700,142000,139540.0,137280.0,1839.2933425639314,2869.3011150607454
2024-06-10,3976600.0,561621.0,180335580.0,142000.0,2400.0,1.72,3756900.0,530586.0,1.0,622284748.0,2888237.0,0.23,881800.0,124524.0,1058700.0,149496.0,219700.0,31035.0,219700.0,31035.0,1101500.0,155559.0,1278400.0,180531.0,5541,4.66,21.02,10.5,1798030000000.0,11581548,87243800,150777000,154735700,144000,140960.0,138400.0,2023.116407921205,3102.6870075253496
2024-06-11,3775400.0,542408.0,182875518.0,144000.0,2000.0,1.41,3775400.0,542408.0,1.0,622284748.0,3942973.0,0.31,130800.0,18797.0,1329500.0,190834.0,0.0,0.0,0.0,0.0,130800.0,18797.0,1329500.0,190834.0,5541,4.66,21.02,10.5,1798030000000.0,11581548,87243800,150777000,154735700,146500,142440.0,139350.0,2857.09642819419,3961.8317873315937
2024-06-12,8418500.0,1236119.0,186050440.0,146500.0,2500.0,1.74,6327300.0,915257.0,2.0,622284748.0,5704776.0,0.45,244800.0,35410.0,2045700.0,295391.0,0.0,0.0,0.0,0.0,244800.0,35410.0,2045700.0,295391.0,5541,4.66,21.02,10.5,1798030000000.0,11581548,87243800,150777000,154735700,132000,140820.0,138980.0,5546.350151225579,4479.53370589196
2024-06-13,11215500.0,1464082.0,167635892.0,132000.0,5500.0,4.35,11215500.0,1464082.0,2.0,622284748.0,5971206.0,0.47,547440.0,71413.0,4328151.0,566705.0,0.0,0.0,0.0,0.0,547440.0,71413.0,4328151.0,566705.0,5541,4.66,21.02,10.5,1798030000000.0,11581548,87243800,150777000,154735700,130000,138900.0,138480.0,7419.568720619818,5195.040369857042
2024-06-14,8676200.0,1137718.0,165095954.0,130000.0,-2000.0,-1.52,8136200.0,1066858.0,2.0,622284748.0,6954432.0,0.55,346290.0,45429.0,5350835.0,701527.0,0.0,0.0,500000.0,65564.0,346290.0,45429.0,5850835.0,767091.0,5541,4.66,21.02,10.5,1798030000000.0,11581548,87243800,150777000,154735700,131000,136700.0,138120.0,7886.697661252141,5602.539106908973
2024-06-17,6607200.0,861029.0,166365923.0,131000.0,1000.0,0.77,6406200.0,834853.0,0.0,622284748.0,7931127.0,0.62,1069099.0,138974.0,2210300.0,287481.0,0.0,0.0,0.0,0.0,1069099.0,138974.0,2210300.0,287481.0,5541,4.66,21.02,10.5,1798030000000.0,11581548,87243800,150777000,154735700,128800,133660.0,137310.0,7275.16322840938,6336.043279874625
2024-06-18,4867600.0,631221.0,163571991.0,128800.0,-2200.0,-1.68,4867600.0,631221.0,1.0,622284748.0,11965986.0,0.94,293292.0,37964.0,1149700.0,148963.0,0.0,0.0,0.0,0.0,293292.0,37964.0,1149700.0,148963.0,5541,4.66,21.02,10.5,1798030000000.0,11581548,87243800,150777000,154735700,128000,129960.0,136200.0,1614.930339054908,6931.890875591672
2024-06-19,6936800.0,893871.0,162556016.0,128000.0,-800.0,-0.62,6680000.0,860576.0,2.0,622284748.0,17294378.0,1.36,522443.0,67085.0,2860719.0,368915.0,75800.0,9765.0,75800.0,9765.0,598243.0,76850.0,2936519.0,378680.0,5541,4.66,21.02,10.5,1798030000000.0,11581548,87243800,150777000,154735700,131500,129860.0,135340.0,1465.605676844901,6927.75416551264
2024-06-20,10269200.0,1321426.0,192048921.0,131500.0,3500.0,2.73,9669200.0,1249784.0,1.0,622284748.0,18991302.0,1.3,513376.0,66712.0,2228800.0,288611.0,0.0,0.0,0.0,0.0,513376.0,66712.0,2228800.0,288611.0,5541,4.66,21.02,10.5,1798030000000.0,11581548,87243800,150777000,154735700,133300,130520.0,134710.0,2134.7130954767667,6782.239879109093
2024-06-21,11060700.0,1477679.0,194677727.0,133300.0,1800.0,1.37,10465700.0,1404641.0,1.0,622284748.0,19489204.0,1.33,580798.0,77651.0,2555814.0,343051.0,0.0,0.0,0.0,0.0,580798.0,77651.0,2555814.0,343051.0,5541,4.66,21.02,10.5,1798030000000.0,11581548,87243800,150777000,154735700,136100,131540.0,134120.0,3314.060952969936,6318.36828443687
2024-06-24,7653300.0,1034712.0,198766982.0,136100.0,2800.0,2.1,7653300.0,1034712.0,0.0,622284748.0,21334370.0,1.46,1019553.0,137267.0,2696000.0,364332.0,0.0,0.0,0.0,0.0,1019553.0,137267.0,2696000.0,364332.0,5541,4.66,21.02,10.5,1798030000000.0,11581548,87243800,150777000,154735700,132100,132200.0,132930.0,2939.3876913398135,5287.3118563847365
2024-06-25,14390900.0,1936123.0,192925190.0,132100.0,-4000.0,-2.94,13186900.0,1762003.0,1.0,622284748.0,22155418.0,1.52,1487752.0,198294.0,5900038.0,788716.0,0.0,0.0,0.0,0.0,1487752.0,198294.0,5900038.0,788716.0,5541,4.66,21.02,10.5,1798030000000.0,11581548,87243800,150777000,154735700,130000,132600.0,131280.0,2289.1046284519193,2328.948260481529
2024-06-26,14050143.0,1821409.0,189858249.0,130000.0,-2100.0,-1.59,13706800.0,1776774.0,1.0,622284748.0,23101114.0,1.58,1610118.0,208693.0,3650978.0,473598.0,343343.0,44635.0,343343.0,44635.0,1953461.0,253327.0,3994321.0,518233.0,5541,4.66,21.02,10.5,1798030000000.0,11581548,87243800,150777000,154735700,131800,132660.0,131260.0,2256.7675999092153,2322.9291853175246
2024-06-27,7221400.0,941975.0,192487055.0,131800.0,1800.0,1.38,7147400.0,932098.0,1.0,622284748.0,24722275.0,1.69,1098839.0,144003.0,3020000.0,393613.0,0.0,0.0,0.0,0.0,1098839.0,144003.0,3020000.0,393613.0,5541,4.66,21.02,10.5,1798030000000.0,11581548,87243800,150777000,154735700,132800,132560.0,131540.0,2232.2634253152114,2322.9291853175246
2024-06-28,6527700.0,863129.0,193947503.0,132800.0,1000.0,0.76,6403700.0,847765.0,1.0,622284748.0,29840072.0,2.04,780841.0,103548.0,1547500.0,204608.0,0.0,0.0,0.0,0.0,780841.0,103548.0,1547500.0,204608.0,5541,4.66,21.02,10.5,1798030000000.0,11581548,87243800,150777000,154735700,130500,131440.0,131490.0,1158.8787684654508,2341.1535618151875
2024-07-01,6633000.0,873567.0,190588473.0,130500.0,-2300.0,-1.73,6633000.0,873567.0,0.0,622284748.0,32664870.0,2.24,826180.0,108263.0,2761305.0,364069.0,0.0,0.0,0.0,0.0,826180.0,108263.0,2761305.0,364069.0,5618,5.81,23.23,12.5,1873810000000.0,20390648,152347900,211010300,215201000,128600,130740.0,131470.0,1624.1921068642096,2367.394254355513
2024-07-02,6454000.0,833530.0,187813621.0,128600.0,-1900.0,-1.46,6376000.0,822641.0,1.0,622284748.0,35323162.0,2.42,271708.0,35071.0,2200514.0,283986.0,0.0,0.0,0.0,0.0,271708.0,35071.0,2200514.0,283986.0,5618,5.81,23.23,12.5,1873810000000.0,20390648,152347900,211010300,215201000,128000,130340.0,131470.0,2044.0156555173446,2367.394254355513
2024-07-03,7560001.0,983351.0,186937352.0,128000.0,-600.0,-0.47,6720600.0,873661.0,0.0,622284748.0,34924968.0,2.39,1855694.0,242009.0,1505200.0,195627.0,839400.0,109691.0,839400.0,109691.0,2695094.0,351700.0,2344600.0,305317.0,5618,5.81,23.23,12.5,1873810000000.0,20390648,152347900,211010300,215201000,131000,130180.0,131420.0,1929.2485583770692,2371.9658981996686
2024-07-04,7884101.0,1038018.0,191318697.0,131000.0,3000.0,2.34,7634100.0,1005103.0,1.0,622284748.0,36418149.0,2.49,1178124.0,155150.0,1267630.0,166899.0,250000.0,32915.0,250000.0,32915.0,1428124.0,188065.0,1517630.0,199814.0,5618,5.81,23.23,12.5,1873810000000.0,20390648,152347900,211010300,215201000,135800,130780.0,131670.0,3074.410512602375,2701.049178868575
2024-07-05,8117900.0,1088488.0,198328847.0,135800.0,4800.0,3.66,8117900.0,1088488.0,2.0,622284748.0,37245083.0,2.55,1283580.0,172278.0,1122335.0,149950.0,0.0,0.0,0.0,0.0,1283580.0,172278.0,1122335.0,149950.0,5618,5.81,23.23,12.5,1873810000000.0,20390648,152347900,211010300,215201000,138700,132420.0,131930.0,4663.903944122349,3245.1844665938725
2024-07-08,7809400.0,1080849.0,202564147.0,138700.0,2900.0,2.14,7789400.0,1078089.0,1.0,622284748.0,37950269.0,2.6,821014.0,113400.0,2777090.0,384391.0,0.0,0.0,0.0,0.0,821014.0,113400.0,2777090.0,384391.0,5618,5.81,23.23,12.5,1873810000000.0,20390648,152347900,211010300,215201000,139600,134620.0,132680.0,4994.196632092093,4054.5721791029296
2024-07-09,6105700.0,848068.0,203878550.0,139600.0,900.0,0.65,5865700.0,814734.0,2.0,622284748.0,38567480.0,2.64,692419.0,96232.0,2587900.0,359402.0,240000.0,33336.0,240000.0,33336.0,932419.0,129567.0,2827900.0,392737.0,5618,5.81,23.23,12.5,1873810000000.0,20390648,152347900,211010300,215201000,137500,136520.0,133430.0,3398.087697514589,4194.983776951803
2024-07-10,9696100.0,1329763.0,200811609.0,137500.0,-2100.0,-1.5,9676100.0,1327023.0,2.0,622284748.0,39710815.0,2.72,1060600.0,145458.0,6018900.0,825456.0,0.0,0.0,0.0,0.0,1060600.0,145458.0,6018900.0,825456.0,5618,5.81,23.23,12.5,1873810000000.0,20390648,152347900,211010300,215201000,134000,137120.0,133650.0,2250.999777876488,4157.5233011974715
2024-07-11,6337700.0,859025.0,195700041.0,134000.0,-3500.0,-2.55,6294700.0,853168.0,0.0,622284748.0,41448078.0,2.84,386200.0,52405.0,2911500.0,395219.0,0.0,0.0,0.0,0.0,386200.0,52405.0,2911500.0,395219.0,5618,5.81,23.23,12.5,1873810000000.0,20390648,152347900,211010300,215201000,133000,136560.0,133670.0,2912.559012277691,4153.459067117688
2024-07-12,6882100.0,919164.0,194239593.0,133000.0,-1000.0,-0.75,6842100.0,913790.0,1.0,622284748.0,43649442.0,2.99,1003900.0,134242.0,3980000.0,531602.0,0.0,0.0,0.0,0.0,1003900.0,134242.0,3980000.0,531602.0,5618,5.81,23.23,12.5,1873810000000.0,20390648,152347900,211010300,215201000,133800,135580.0,134000.0,2835.842026629833,4001.94397206601
2024-07-15,3590000.0,480953.0,195407951.0,133800.0,800.0,0.6,3553400.0,476050.0,2.0,622284748.0,48706339.0,3.34,559400.0,74768.0,920000.0,123197.0,36600.0,4903.0,36600.0,4903.0,596000.0,79671.0,956600.0,128101.0,5618,5.81,23.23,12.5,1873810000000.0,20390648,152347900,211010300,215201000,132700,134200.0,134410.0,1922.2382786741086,3574.430801617996
2024-07-16,3067200.0,408778.0,193801458.0,132700.0,-1100.0,-0.82,3067200.0,408778.0,0.0,622284748.0,51058320.0,3.5,868300.0,115500.0,1002200.0,133642.0,0.0,0.0,0.0,0.0,868300.0,115500.0,1002200.0,133642.0,5618,5.81,23.23,12.5,1873810000000.0,20390648,152347900,211010300,215201000,134000,133500.0,135010.0,608.276253029822,2798.1938619203656
2024-07-17,4322200.0,576151.0,195700041.0,134000.0,1300.0,0.98,4002300.0,533549.0,2.0,622284748.0,54211887.0,3.71,1625500.0,216556.0,1165500.0,155293.0,349900.0,46604.0,349900.0,46604.0,1975400.0,263160.0,1515400.0,201898.0,5618,5.81,23.23,12.5,1873810000000.0,20390648,152347900,211010300,215201000,131900,133080.0,135100.0,852.6429498916882,2666.2499674428145
2024-07-18,6970100.0,921795.0,192633100.0,131900.0,-2100.0,-1.57,6970100.0,921795.0,0.0,715619552.0,55004105.0,3.77,2234900.0,294587.0,1002800.0,133060.0,0.0,0.0,0.0,0.0,2234900.0,294587.0,1002800.0,133060.0,5618,5.81,23.23,12.5,1873810000000.0,20390648,152347900,211010300,215201000,127900,132060.0,134310.0,2476.489450815408,3481.5226553908733
2024-07-19,10825201.0,1395242.0,186791308.0,127900.0,-4000.0,-3.03,10800200.0,1391942.0,2.0,715619552.0,53771380.0,3.68,1061600.0,136943.0,3792600.0,488940.0,0.0,0.0,0.0,0.0,1061600.0,136943.0,3792600.0,488940.0,5618,5.81,23.23,12.5,1873810000000.0,20390648,152347900,211010300,215201000,126000,130500.0,133040.0,3393.3759001914304,3982.5173501749314
2024-07-22,6576700.0,836050.0,184016456.0,126000.0,-1900.0,-1.49,6551700.0,832650.0,0.0,715619552.0,53875211.0,3.69,428100.0,54170.0,2220900.0,282318.0,0.0,0.0,0.0,0.0,428100.0,54170.0,2220900.0,282318.0,5618,5.81,23.23,12.5,1873810000000.0,20390648,152347900,211010300,215201000,124100,128780.0,131490.0,4104.509714935512,4158.1112165127115
2024-07-23,6216900.0,772289.0,181241605.0,124100.0,-1900.0,-1.51,6216900.0,772289.0,2.0,715619552.0,54449861.0,3.73,1989600.0,246999.0,1492400.0,185691.0,0.0,0.0,0.0,0.0,1989600.0,246999.0,1492400.0,185691.0,5618,5.81,23.23,12.5,1873810000000.0,20390648,152347900,211010300,215201000,125500,127080.0,130290.0,3018.6089511561445,3957.6788932683958
2024-07-24,5411600.0,684282.0,183286232.0,125500.0,1400.0,1.13,5311600.0,672732.0,1.0,715619552.0,56263395.0,3.85,1080800.0,137041.0,1069400.0,135678.0,0.0,0.0,0.0,0.0,1080800.0,137041.0,1069400.0,135678.0,5618,5.81,23.23,12.5,1873810000000.0,20390648,152347900,211010300,215201000,126000,125900.0,129490.0,1361.9838471876235,3932.8954558526725
2024-07-25,4171700.0,523540.0,184016456.0,126000.0,500.0,0.4,4151700.0,520860.0,1.0,715619552.0,57412334.0,3.93,851500.0,106816.0,1468400.0,184199.0,20000.0,2680.0,0.0,0.0,871500.0,109496.0,1468400.0,184199.0,5618,5.81,23.23,12.5,1873810000000.0,20390648,152347900,211010300,215201000,125000,125320.0,128690.0,798.1227975693965,3953.1843704369016
2024-07-26,3248401.0,405880.0,182556008.0,125000.0,-1000.0,-0.79,2563400.0,319819.0,0.0,715619552.0,58033170.0,3.97,798400.0,99653.0,601200.0,74952.0,620000.0,77354.0,620000.0,77354.0,1418400.0,177006.0,1221200.0,152306.0,5618,5.81,23.23,12.5,1873810000000.0,20390648,152347900,211010300,215201000,128000,125720.0,128110.0,1454.9914089093447,3522.136346657292
2024-07-29,6683700.0,826250.0,186937352.0,128000.0,3000.0,2.4,3951100.0,497176.0,0.0,715619552.0,58400204.0,4.0,1264600.0,159135.0,906000.0,113561.0,1182600.0,148810.0,1182600.0,148810.0,2447200.0,307945.0,2088600.0,262371.0,5618,5.81,23.23,12.5,1873810000000.0,20390648,152347900,211010300,215201000,129000,126700.0,127740.0,1717.5564037317667,3162.3479322244693
2024-07-30,5009800.0,651610.0,188397801.0,129000.0,1000.0,0.78,4859800.0,631075.0,1.0,715619552.0,58619990.0,4.01,2038800.0,264706.0,1635600.0,212329.0,0.0,0.0,0.0,0.0,2038800.0,264706.0,1635600.0,212329.0,5618,5.81,23.23,12.5,1873810000000.0,20390648,152347900,211010300,215201000,128000,127200.0,127140.0,1643.1676725154985,2292.112077926755
2024-07-31,2423800.0,309900.0,186937352.0,128000.0,-1000.0,-0.78,2373800.0,303850.0,0.0,715619552.0,57192297.0,3.92,2038800.0,264706.0,1635600.0,212329.0,0.0,0.0,0.0,0.0,2038800.0,264706.0,1635600.0,212329.0,5618,5.81,23.23,12.5,1873810000000.0,20390648,152347900,211010300,215201000,128600,127720.0,126810.0,1578.6069808536893,1688.8194430166413
2024-08-01,3094200.0,395468.0,187813621.0,128600.0,600.0,0.47,2869200.0,366616.0,0.0,715619552.0,57363527.0,3.93,1427700.0,182700.0,757000.0,96682.0,225000.0,28853.0,225000.0,28853.0,1652700.0,211553.0,982000.0,125536.0,5618,5.81,23.23,12.5,1873810000000.0,17425878,132559000,161618900,173092300,124800,127680.0,126500.0,1664.932431061393,1749.9206331208711
2024-08-02,6870301.0,866879.0,182263919.0,124800.0,-3800.0,-2.95,6870300.0,866879.0,0.0,715619552.0,57595364.0,3.94,759000.0,95998.0,2042700.0,259170.0,0.0,0.0,0.0,0.0,759000.0,95998.0,2042700.0,259170.0,5618,5.81,23.23,12.5,1873810000000.0,17425878,132559000,161618900,173092300,123200,126720.0,126220.0,2571.380951940027,2038.9539801901522
2024-08-05,10157200.0,1246526.0,179927202.0,123200.0,-1600.0,-1.28,9944700.0,1221179.0,2.0,715619552.0,57520250.0,3.94,1436700.0,176667.0,1182000.0,144961.0,0.0,0.0,0.0,0.0,1436700.0,176667.0,1182000.0,144961.0,5618,5.81,23.23,12.5,1873810000000.0,17425878,132559000,161618900,173092300,118600,124640.0,125670.0,4048.209480745778,3126.2508607666755
2024-08-06,10415200.0,1254100.0,173209141.0,118600.0,-4600.0,-3.73,10415200.0,1254100.0,0.0,715619552.0,56840449.0,3.89,2134200.0,256997.0,2872000.0,345909.0,0.0,0.0,0.0,0.0,2134200.0,256997.0,2872000.0,345909.0,5618,5.81,23.23,12.5,1873810000000.0,17425878,132559000,161618900,173092300,120800,123200.0,125200.0,3828.8379438153293,3487.1191548325296
2024-08-07,7021850.0,847027.0,176422126.0,120800.0,2200.0,1.85,6728100.0,812059.0,1.0,715619552.0,56748548.0,3.89,1439000.0,173728.0,2355700.0,284202.0,209100.0,25238.0,239100.0,28942.0,1648100.0,198965.0,2594800.0,313143.0,5618,5.81,23.23,12.5,1873810000000.0,17425878,132559000,161618900,173092300,122000,121880.0,124800.0,2356.2682360037024,3612.3245824384085
2024-08-08,2822800.0,341315.0,178174664.0,122000.0,1200.0,0.99,2822800.0,341315.0,1.0,715619552.0,56489876.0,3.87,1007600.0,122055.0,704900.0,85090.0,0.0,0.0,0.0,0.0,1007600.0,122055.0,704900.0,85090.0,5618,5.81,23.23,12.5,1873810000000.0,17425878,132559000,161618900,173092300,121400,121200.0,124440.0,1702.93863659264,3766.2831663177985
2024-08-09,3231431.0,393129.0,177298395.0,121400.0,-600.0,-0.49,2654900.0,322995.0,0.0,715619552.0,58355130.0,4.0,919200.0,111772.0,897000.0,109211.0,576531.0,70134.0,576531.0,70134.0,1495731.0,181905.0,1473531.0,179345.0,5618,5.81,23.23,12.5,1873810000000.0,17425878,132559000,161618900,173092300,126900,121940.0,124330.0,3055.8141304732526,3665.4695015327297
2024-08-12,6011400.0,748943.0,185330860.0,126900.0,5500.0,4.53,5496400.0,684744.0,1.0,715619552.0,59821871.0,4.1,2076800.0,258798.0,800800.0,99297.0,515000.0,64201.0,515000.0,64201.0,2591800.0,322999.0,1315800.0,163498.0,5618,5.81,23.23,12.5,1873810000000.0,17425878,132559000,161618900,173092300,130000,124220.0,124430.0,4036.3349712331856,3817.518100080781
2024-08-13,6775001.0,872913.0,189858249.0,130000.0,3100.0,2.44,6183500.0,797496.0,2.0,715619552.0,58327789.0,3.99,2168400.0,279329.0,1000800.0,129091.0,500000.0,64608.0,500000.0,64608.0,2668400.0,343937.0,1500800.0,193699.0,5618,5.81,23.23,12.5,1873810000000.0,17425878,132559000,161618900,173092300,129700,126000.0,124600.0,4112.784944535758,4026.3024117806954
2024-08-14,4362901.0,563715.0,189420114.0,129700.0,-300.0,-0.23,4097900.0,529462.0,1.0,715619552.0,57000310.0,3.9,1515700.0,195960.0,891400.0,115049.0,187000.0,24155.0,217000.0,28013.0,1702700.0,220115.0,1108400.0,143063.0,5618,5.81,23.23,12.5,1873810000000.0,17425878,132559000,161618900,173092300,129500,127500.0,124690.0,3628.3605113053472,4134.260648666343
2024-08-15,3822200.0,489612.0,189128025.0,129500.0,-200.0,-0.15,2862200.0,372246.0,2.0,715619552.0,56285627.0,3.85,952100.0,123682.0,579300.0,75268.0,150000.0,19486.0,170000.0,22015.0,1102100.0,143169.0,749300.0,97283.0,5618,5.81,23.23,12.5,1873810000000.0,17425878,132559000,161618900,173092300,128700,128960.0,125080.0,1248.198702130394,4325.325935053263
2024-08-16,2305600.0,296851.0,187959666.0,128700.0,-800.0,-0.62,2257600.0,290611.0,1.0,715619552.0,56334130.0,3.86,817300.0,105192.0,201700.0,25989.0,0.0,0.0,0.0,0.0,817300.0,105192.0,201700.0,25989.0,5618,5.81,23.23,12.5,1873810000000.0,17425878,132559000,161618900,173092300,130600,129700.0,125820.0,696.419413859206,4592.699520857947
2024-08-19,5486600.0,714680.0,190734517.0,130600.0,1900.0,1.48,5093600.0,663590.0,2.0,715619552.0,56449371.0,3.87,847300.0,110389.0,646700.0,84092.0,0.0,0.0,0.0,0.0,847300.0,110389.0,646700.0,84092.0,5618,5.81,23.23,12.5,1873810000000.0,17425878,132559000,161618900,173092300,130500,129800.0,127010.0,781.0249675906655,4020.0746261729937
2024-08-20,2554862.0,333416.0,190588473.0,130500.0,-100.0,-0.08,2498400.0,326051.0,2.0,715619552.0,56201318.0,3.85,267800.0,34937.0,505700.0,65959.0,36400.0,4745.0,36400.0,4745.0,304200.0,39683.0,542100.0,70705.0,5618,5.81,23.23,12.5,1873810000000.0,17425878,132559000,161618900,173092300,131500,130160.0,128080.0,1080.7404868885037,3583.8526755434486
2024-08-21,3984400.0,523952.0,192048921.0,131500.0,1000.0,0.77,3741400.0,492119.0,2.0,715619552.0,56135326.0,3.84,1186400.0,155996.0,211500.0,27852.0,0.0,0.0,0.0,0.0,1186400.0,155996.0,211500.0,27852.0,5618,5.81,23.23,12.5,1873810000000.0,17425878,132559000,161618900,173092300,133500,130960.0,129230.0,1745.8522274236157,3245.1844665938715
2024-08-22,6471900.0,855021.0,194969817.0,133500.0,2000.0,1.52,6119700.0,808777.0,0.0,715619552.0,55595653.0,3.81,2677900.0,353955.0,606900.0,80108.0,0.0,0.0,0.0,0.0,2677900.0,353955.0,606900.0,80108.0,5618,5.81,23.23,12.5,1873810000000.0,17425878,132559000,161618900,173092300,133800,131980.0,130470.0,1577.0225109363532,2081.158865205189
2024-08-23,3560500.0,477023.0,195407951.0,133800.0,300.0,0.22,3020500.0,404697.0,1.0,715619552.0,52068658.0,3.57,1354720.0,181445.0,321675.0,43100.0,500000.0,66992.0,500000.0,66992.0,1854720.0,248436.0,821675.0,110091.0,5618,5.81,23.23,12.5,1873810000000.0,17425878,132559000,161618900,173092300,133100,132480.0,131090.0,1418.4498581197715,1804.5929057700193
2024-08-26,3325001.0,442160.0,194385638.0,133100.0,-700.0,-0.52,3055000.0,406247.0,1.0,715619552.0,50776306.0,3.48,1496170.0,198989.0,576595.0,76670.0,270000.0,35914.0,270000.0,35914.0,1766170.0,234903.0,846595.0,112584.0,5618,5.81,23.23,12.5,1873810000000.0,17425878,132559000,161618900,173092300,131500,132680.0,131240.0,1105.4410884348383,1765.848867321931
2024-08-27,2758200.0,364394.0,192048921.0,131500.0,-1600.0,-1.2,2590300.0,342213.0,2.0,715619552.0,50849358.0,3.48,534200.0,70572.0,116300.0,15414.0,167900.0,22182.0,167900.0,22182.0,702100.0,92754.0,284200.0,37596.0,5618,5.81,23.23,12.5,1873810000000.0,17425878,132559000,161618900,173092300,132500,132880.0,131520.0,912.1403400793104,1715.808847162154
2024-08-28,2989900.0,393505.0,193509369.0,132500.0,1000.0,0.76,2338500.0,308172.0,1.0,715619552.0,50155428.0,3.43,1015605.0,133869.0,92548.0,12193.0,0.0,0.0,0.0,0.0,1015605.0,133869.0,92548.0,12193.0,5618,5.81,23.23,12.5,1873810000000.0,17425878,132559000,161618900,173092300,133300,132840.0,131900.0,882.0430828479979,1637.7491328717426
2024-08-29,2909701.0,388745.0,194677727.0,133300.0,800.0,0.6,2711500.0,362337.0,0.0,715619552.0,49464468.0,3.39,1267555.0,169377.0,227238.0,30368.0,198200.0,26409.0,198200.0,26409.0,1465755.0,195786.0,425438.0,56777.0,5618,5.81,23.23,12.5,1873810000000.0,17425878,132559000,161618900,173092300,133700,132820.0,132400.0,855.5699854482975,1275.4084313139012
2024-08-30,2637701.0,351244.0,195261906.0,133700.0,400.0,0.3,2092700.0,278675.0,0.0,715619552.0,49580768.0,3.39,1082100.0,144145.0,238200.0,31696.0,525000.0,69912.0,525000.0,69912.0,1607100.0,214057.0,763200.0,101607.0,5618,5.81,23.23,12.5,1873810000000.0,17425878,132559000,161618900,173092300,134800,133160.0,132820.0,1244.1864811996631,1307.924564593305
2024-09-04,3379800.0,454881.0,196868399.0,134800.0,1100.0,0.82,3315800.0,446145.0,2.0,715619552.0,47169389.0,3.23,1422600.0,191350.0,24500.0,3293.0,0.0,0.0,0.0,0.0,1422600.0,191350.0,24500.0,3293.0,5618,5.81,23.23,12.5,1873810000000.0,12332109,96911000,135081700,119291500,133000,133460.0,133070.0,867.7557259966655,1023.1215850414342
2024-09-05,4735200.0,626701.0,194239593.0,133000.0,-1800.0,-1.34,4535200.0,600247.0,2.0,715619552.0,47396627.0,3.25,1154600.0,153096.0,1762600.0,233163.0,400000.0,52911.0,400000.0,52911.0,1554600.0,206007.0,2162600.0,286074.0,5618,5.81,23.23,12.5,1873810000000.0,12332109,96911000,135081700,119291500,130600,133080.0,132980.0,1544.9919093639294,1200.7405122580383
2024-09-06,8055600.0,1051193.0,190734517.0,130600.0,-2400.0,-1.8,8055600.0,1051193.0,1.0,715619552.0,46480237.0,3.18,1836700.0,239256.0,3917600.0,511464.0,0.0,0.0,0.0,0.0,1836700.0,239256.0,3917600.0,511464.0,5618,5.81,23.23,12.5,1873810000000.0,12332109,96911000,135081700,119291500,132100,132840.0,132840.0,1594.678651014053,1214.9074038789613
2024-09-09,4251400.0,560476.0,192925190.0,132100.0,1500.0,1.15,3821400.0,503724.0,1.0,715619552.0,44667914.0,3.06,2215700.0,292082.0,672000.0,88493.0,400000.0,52793.0,430000.0,56753.0,2615700.0,344875.0,1102000.0,145247.0,5618,5.81,23.23,12.5,1873810000000.0,12332109,96911000,135081700,119291500,131300,132360.0,132590.0,1631.8700928689145,1252.0649610409944
2024-09-10,2885201.0,377085.0,191756831.0,131300.0,-800.0,-0.61,2885200.0,377085.0,0.0,715619552.0,44214926.0,3.03,606000.0,79334.0,1439600.0,188125.0,0.0,0.0,0.0,0.0,606000.0,79334.0,1439600.0,188125.0,5618,5.81,23.23,12.5,1873810000000.0,12332109,96911000,135081700,119291500,130000,131400.0,132280.0,1189.5377253370318,1475.578982411059
2024-09-11,4195101.0,546653.0,189858249.0,130000.0,-1300.0,-0.99,4195100.0,546653.0,1.0,715619552.0,46293277.0,3.17,1235382.0,160995.0,2037939.0,265692.0,0.0,0.0,0.0,0.0,1235382.0,160995.0,2037939.0,265692.0,5618,5.81,23.23,12.5,1873810000000.0,12332109,96911000,135081700,119291500,130600,130920.0,132190.0,804.3631020876082,1553.8125155028376
2024-09-12,3590400.0,468331.0,190734517.0,130600.0,600.0,0.46,3190400.0,416155.0,2.0,715619552.0,44991604.0,3.08,1949700.0,254325.0,879040.0,114476.0,400000.0,52176.0,400000.0,52176.0,2349700.0,306501.0,1279040.0,166652.0,5618,5.81,23.23,12.5,1873810000000.0,12332109,96911000,135081700,119291500,132300,131260.0,132170.0,976.2171889492624,1550.6629406661777
2024-09-13,4368000.0,576317.0,193217279.0,132300.0,1700.0,1.3,4118000.0,543297.0,1.0,715619552.0,44236758.0,3.03,2194446.0,289430.0,1311030.0,172728.0,250000.0,33020.0,250000.0,33020.0,2444446.0,322450.0,1561030.0,205748.0,5618,5.81,23.23,12.5,1873810000000.0,12332109,96911000,135081700,119291500,133000,131440.0,132140.0,1221.8837915284744,1529.1246588235194
2024-09-16,3935700.0,523101.0,194239593.0,133000.0,700.0,0.53,3186800.0,423783.0,0.0,715619552.0,44585697.0,3.05,1695000.0,225442.0,167400.0,22241.0,627900.0,83498.0,687900.0,91424.0,2322900.0,308940.0,855300.0,113666.0,5618,5.81,23.23,12.5,1873810000000.0,12332109,96911000,135081700,119291500,131100,131400.0,131880.0,1230.853362509117,1453.5779610632546
2024-09-17,2295700.0,302263.0,191464741.0,131100.0,-1900.0,-1.43,1915700.0,252145.0,1.0,715619552.0,44837442.0,3.07,531295.0,69888.0,207300.0,27306.0,380000.0,50118.0,300000.0,39486.0,911295.0,120006.0,507300.0,66792.0,5618,5.81,23.23,12.5,1873810000000.0,12332109,96911000,135081700,119291500,132900,131980.0,131690.0,1080.2777420645118,1114.0017953306544
2024-09-18,3621400.0,482742.0,194093548.0,132900.0,1800.0,1.37,2651400.0,350670.0,1.0,715619552.0,44293152.0,3.03,1855320.0,245342.0,409400.0,54184.0,0.0,0.0,20000.0,2572.0,1855320.0,245342.0,429400.0,56756.0,5618,5.81,23.23,12.5,1873810000000.0,12332109,96911000,135081700,119291500,134600,132780.0,131850.0,1267.675037223657,1400.9917122444729
2024-09-19,5449600.0,731997.0,196576310.0,134600.0,1700.0,1.28,5379600.0,722775.0,2.0,715619552.0,42427346.0,2.91,2093206.0,280901.0,1244625.0,167112.0,0.0,0.0,70000.0,9222.0,2093206.0,280901.0,1314625.0,176334.0,5618,5.81,23.23,12.5,1873810000000.0,12332109,96911000,135081700,119291500,135200,133360.0,132310.0,1610.2794788483147,1673.6188335460163
2024-09-20,5154300.0,695884.0,197452579.0,135200.0,600.0,0.45,5154300.0,695884.0,1.0,715619552.0,40738683.0,2.79,1895963.0,255777.0,1633745.0,220341.0,0.0,0.0,0.0,0.0,1895963.0,255777.0,1633745.0,220341.0,5618,5.81,23.23,12.5,1873810000000.0,12332109,96911000,135081700,119291500,135300,133820.0,132630.0,1799.1664736760742,1917.2028235600405
2024-09-23,3719700.0,506352.0,197598623.0,135300.0,100.0,0.07,3719700.0,506352.0,0.0,715619552.0,39984382.0,2.74,1183201.0,160994.0,1318487.0,179378.0,0.0,0.0,0.0,0.0,1183201.0,160994.0,1318487.0,179378.0,5618,5.81,23.23,12.5,1873810000000.0,12332109,96911000,135081700,119291500,134000,134400.0,132900.0,987.420882906575,1899.1226044325285
2024-09-24,3482200.0,462669.0,195700041.0,134000.0,-1300.0,-0.96,2441200.0,327877.0,0.0,715619552.0,40619322.0,2.78,715685.0,96269.0,666100.0,89470.0,440000.0,59009.0,440000.0,59009.0,1155685.0,155278.0,1106100.0,148478.0,5618,5.81,23.23,12.5,1873810000000.0,12332109,96911000,135081700,119291500,134500,134720.0,133350.0,535.7238094391549,1652.7754435090667
2024-09-25,2755516.0,367917.0,196430265.0,134500.0,500.0,0.37,2011400.0,269631.0,1.0,715619552.0,41595917.0,2.85,657150.0,88097.0,528218.0,70771.0,530000.0,71050.0,560000.0,74929.0,1187150.0,159147.0,1088218.0,145700.0,5618,5.81,23.23,12.5,1873810000000.0,12332109,96911000,135081700,119291500,134800,134760.0,133770.0,531.9774431308155,1388.8844444373055
2024-09-26,4679900.0,628229.0,196868399.0,134800.0,300.0,0.22,4479900.0,601385.0,1.0,715619552.0,40757401.0,2.79,2157003.0,289628.0,1824696.0,244890.0,200000.0,26845.0,200000.0,26845.0,2357003.0,316473.0,2024696.0,271735.0,5618,5.81,23.23,12.5,1873810000000.0,12332109,96911000,135081700,119291500,134300,134580.0,133970.0,496.9909455915671,1294.4754407351988
2024-09-27,3080600.0,413686.0,196138175.0,134300.0,-500.0,-0.37,2815600.0,378102.0,1.0,715619552.0,40552917.0,2.78,900584.0,120920.0,896449.0,120341.0,265000.0,35585.0,265000.0,35585.0,1165584.0,156505.0,1161449.0,155926.0,5618,5.81,23.23,12.5,1873810000000.0,12332109,96911000,135081700,119291500,134200,134360.0,134090.0,304.9590136395381,1249.3998559308068
2024-09-30,3552800.0,475614.0,195992130.0,134200.0,-100.0,-0.07,3352800.0,448848.0,1.0,715619552.0,39232820.0,2.69,1880715.0,251811.0,1112286.0,148881.0,200000.0,26767.0,200000.0,26767.0,2080715.0,278579.0,1312286.0,175649.0,5618,5.81,23.23,12.5,1873810000000.0,12332109,96911000,135081700,119291500,134500,134460.0,134430.0,230.21728866442677,676.6748767974252
2024-10-01,3278500.0,438011.0,196430265.0,134500.0,300.0,0.22,3030500.0,404863.0,1.0,715619552.0,39274758.0,2.69,1788758.0,239009.0,1455825.0,194202.0,248000.0,33148.0,248000.0,33148.0,2036758.0,272157.0,1703825.0,227350.0,5652,5.55,23.8,12.35,2088850000000.0,9420669,70939800,122299500,110238700,135900,134740.0,134730.0,687.749954561976,581.2821078347505
2024-10-02,6887000.0,936206.0,198474892.0,135900.0,1400.0,1.04,4725900.0,642311.0,2.0,715619552.0,37495846.0,2.57,2675361.0,363605.0,255201.0,34650.0,161100.0,21896.0,161100.0,21896.0,2836461.0,385501.0,416301.0,56545.0,5652,5.55,23.8,12.35,2088850000000.0,9420669,70939800,122299500,110238700,135400,134860.0,134810.0,750.3332592921628,615.4492487424938
2024-10-03,2369200.0,320553.0,197744668.0,135400.0,-500.0,-0.37,1719800.0,232879.0,2.0,715619552.0,37594785.0,2.57,1013347.0,137232.0,130300.0,17638.0,177000.0,23984.0,567100.0,76812.0,1190347.0,161216.0,697400.0,94450.0,5652,5.55,23.8,12.35,2088850000000.0,9420669,70939800,122299500,110238700,134000,134800.0,134690.0,815.4753215150046,647.1304179048445
2024-10-04,3631801.0,491217.0,195700041.0,134000.0,-1400.0,-1.03,2300800.0,311077.0,2.0,715619552.0,38888592.0,2.66,162018.0,21946.0,578250.0,78248.0,0.0,0.0,0.0,0.0,162018.0,21946.0,578250.0,78248.0,5652,5.55,23.8,12.35,2088850000000.0,9420669,70939800,122299500,110238700,134100,134780.0,134570.0,834.8652585896721,632.5433669805033
2024-10-07,1468400.0,196794.0,195846086.0,134100.0,100.0,0.07,1468400.0,196794.0,2.0,715619552.0,38953219.0,2.67,190574.0,25528.0,228130.0,30542.0,0.0,0.0,0.0,0.0,190574.0,25528.0,228130.0,30542.0,5652,5.55,23.8,12.35,2088850000000.0,9420669,70939800,122299500,110238700,134100,134700.0,134580.0,886.0022573334675,623.2531142676826
2024-10-08,1901501.0,254742.0,195846086.0,134100.0,0.0,0.0,1330500.0,178342.0,1.0,715619552.0,39329732.0,2.69,143887.0,19292.0,326500.0,43759.0,0.0,0.0,0.0,0.0,143887.0,19292.0,326500.0,43759.0,5652,5.55,23.8,12.35,2088850000000.0,9420669,70939800,122299500,110238700,133800,134280.0,134510.0,637.9655163094633,670.7375708045647
2024-10-09,2108601.0,282819.0,195407951.0,133800.0,-300.0,-0.22,2108600.0,282819.0,2.0,715619552.0,39568205.0,2.71,339777.0,45539.0,740761.0,99312.0,0.0,0.0,0.0,0.0,339777.0,45539.0,740761.0,99312.0,5652,5.55,23.8,12.35,2088850000000.0,9420669,70939800,122299500,110238700,135400,134280.0,134570.0,637.9655163094633,724.2620765686099
2024-10-10,2819900.0,381343.0,197744668.0,135400.0,1600.0,1.2,2619900.0,354277.0,1.0,715619552.0,38954185.0,2.67,842150.0,113874.0,307600.0,41578.0,200000.0,27068.0,200000.0,27068.0,1042150.0,140941.0,507600.0,68646.0,5652,5.55,23.8,12.35,2088850000000.0,9420669,70939800,122299500,110238700,141700,135820.0,135310.0,3344.697295720496,2357.2347264444147
2024-10-11,10102200.0,1412918.0,206945491.0,141700.0,6300.0,4.65,9952200.0,1392002.0,2.0,715619552.0,36402984.0,2.49,2857701.0,399426.0,549300.0,77167.0,20000.0,2788.0,100000.0,14019.0,2877701.0,402214.0,649300.0,91186.0,5652,5.55,23.8,12.35,2088850000000.0,9420669,70939800,122299500,110238700,139600,136920.0,135850.0,3536.523716872262,2672.1817968760042
2024-10-14,3863600.0,543221.0,203878550.0,139600.0,-2100.0,-1.48,3813600.0,536152.0,1.0,715619552.0,36397694.0,2.49,709051.0,99696.0,1384100.0,194429.0,50000.0,7069.0,50000.0,7069.0,759051.0,106765.0,1434100.0,201498.0,5652,5.55,23.8,12.35,2088850000000.0,9420669,70939800,122299500,110238700,137600,137620.0,136160.0,3165.754254518187,2677.976018480276
2024-10-15,5635300.0,781315.0,200957654.0,137600.0,-2000.0,-1.43,5605300.0,777265.0,0.0,715619552.0,40112527.0,2.75,948066.0,131452.0,2211400.0,307226.0,0.0,0.0,30000.0,4050.0,948066.0,131452.0,2241400.0,311276.0,5652,5.55,23.8,12.35,2088850000000.0,9420669,70939800,122299500,110238700,137000,138260.0,136270.0,2440.901472816959,2688.679973518588
2024-10-16,2910800.0,400187.0,201536478.0,137000.0,-600.0,-0.44,2860800.0,392997.0,1.0,715619552.0,36206008.0,2.46,220520.0,30269.0,1079120.0,148270.0,0.0,0.0,0.0,0.0,220520.0,30269.0,1079120.0,148270.0,5652,5.55,23.8,12.35,2088850000000.0,9420669,70939800,122299500,110238700,136300,138440.0,136360.0,2198.4085152673515,2671.3292571302245
2024-10-17,2796001.0,381672.0,200506730.0,136300.0,-700.0,-0.51,2756000.0,376146.0,2.0,715619552.0,37467357.0,2.55,102751.0,14009.0,615129.0,83966.0,20000.0,2826.0,20000.0,2700.0,122751.0,16835.0,635129.0,86666.0,5652,5.55,23.8,12.35,2088850000000.0,9420669,70939800,122299500,110238700,137000,137500.0,136660.0,1260.9520212918492,2542.1775442849357
2024-10-18,3769200.0,518205.0,201536478.0,137000.0,700.0,0.51,2579200.0,351605.0,2.0,715619552.0,39708757.0,2.7,675200.0,91963.0,821300.0,112037.0,0.0,0.0,0.0,0.0,675200.0,91963.0,821300.0,112037.0,5652,5.55,23.8,12.35,2088850000000.0,9420669,70939800,122299500,110238700,137000,136980.0,136950.0,460.43457732885355,2377.7907580123215
2024-10-21,2169401.0,297523.0,201536478.0,137000.0,0.0,0.0,2169400.0,297523.0,0.0,715619552.0,39343287.0,2.67,769240.0,105434.0,609138.0,83506.0,0.0,0.0,0.0,0.0,769240.0,105434.0,609138.0,83506.0,5652,5.55,23.8,12.35,2088850000000.0,9420669,70939800,122299500,110238700,135500,136560.0,137090.0,665.5824516917495,2227.82903792507
2024-10-22,2861300.0,390792.0,199329874.0,135500.0,-1500.0,-1.09,2681300.0,366269.0,1.0,715619552.0,39304816.0,2.67,673600.0,92306.0,1139170.0,155568.0,180000.0,24524.0,180000.0,24524.0,853600.0,116830.0,1319170.0,180092.0,5652,5.55,23.8,12.35,2088850000000.0,9420669,70939800,122299500,110238700,133100,135780.0,137020.0,1620.8022704821215,2350.3191272675977
2024-10-23,6174500.0,828775.0,195799308.0,133100.0,-2400.0,-1.77,6009200.0,806437.0,2.0,715619552.0,39269295.0,2.67,856896.0,115352.0,930841.0,125142.0,65300.0,8738.0,65300.0,8738.0,922196.0,124090.0,996141.0,133880.0,5652,5.55,23.8,12.35,2088850000000.0,9420669,70939800,122299500,110238700,134200,135360.0,136900.0,1721.3366899011942,2469.817807045678
2024-10-24,3015101.0,403480.0,197417484.0,134200.0,1100.0,0.83,3015100.0,403480.0,0.0,715619552.0,39198655.0,2.66,679778.0,91012.0,399648.0,53435.0,0.0,0.0,0.0,0.0,679778.0,91012.0,399648.0,53435.0,5652,5.55,23.8,12.35,2088850000000.0,9420669,70939800,122299500,110238700,134300,134820.0,136160.0,1485.5975228843106,1919.027531503022
2024-10-25,2277201.0,305372.0,197564591.0,134300.0,100.0,0.07,2277200.0,305372.0,1.0,715619552.0,39250210.0,2.67,1087615.0,145790.0,564800.0,75634.0,0.0,0.0,0.0,0.0,1087615.0,145790.0,564800.0,75634.0,5652,5.55,23.8,12.35,2088850000000.0,9420669,70939800,122299500,110238700,134000,134220.0,135600.0,858.4870412533902,1593.0404193797767
2024-10-28,1839000.0,246286.0,197123271.0,134000.0,-300.0,-0.22,1839000.0,246286.0,1.0,715619552.0,39664051.0,2.7,517000.0,69219.0,482354.0,64547.0,0.0,0.0,0.0,0.0,517000.0,69219.0,482354.0,64547.0,5652,5.55,23.8,12.35,2088850000000.0,9420669,70939800,122299500,110238700,134900,134100.0,135330.0,651.9202405202649,1437.6292212450662
2024-10-29,1506001.0,202644.0,198447233.0,134900.0,900.0,0.67,1506000.0,202644.0,2.0,715619552.0,39659396.0,2.7,404303.0,54395.0,34300.0,4601.0,0.0,0.0,0.0,0.0,404303.0,54395.0,34300.0,4601.0,5652,5.55,23.8,12.35,2088850000000.0,9420669,70939800,122299500,110238700,135400,134560.0,135170.0,577.0615218501404,1314.9144458860876
2024-10-30,2649200.0,357688.0,199182767.0,135400.0,500.0,0.37,2459200.0,332036.0,2.0,715619552.0,39337886.0,2.67,887810.0,119864.0,988119.0,133370.0,190000.0,25654.0,190000.0,25654.0,1077810.0,145518.0,1178119.0,159024.0,5652,5.55,23.8,12.35,2088850000000.0,9420669,70939800,122299500,110238700,135900,134900.0,135130.0,777.8174593052023,1282.4022596500179
2024-10-31,2059800.0,279238.0,199918302.0,135900.0,500.0,0.37,1709800.0,231778.0,0.0,715619552.0,38791073.0,2.64,1029167.0,139445.0,225717.0,30577.0,350000.0,47461.0,350000.0,47461.0,1379167.0,186906.0,575717.0,78038.0,5652,5.55,23.8,12.35,2088850000000.0,9420669,70939800,122299500,110238700,135900,135220.0,135020.0,798.1227975693965,1143.872564774748
2024-11-01,1341700.0,182016.0,199918302.0,135900.0,0.0,0.0,1241700.0,168453.0,2.0,715619552.0,38390253.0,2.61,435120.0,59014.0,472700.0,64099.0,100000.0,13563.0,100000.0,13563.0,535120.0,72577.0,572700.0,77662.0,5652,5.55,23.8,12.35,2088850000000.0,9384944,68748900,120487000,117352300,134600,135340.0,134780.0,585.6620185738528,910.1892355133411
2024-11-04,2667500.0,358246.0,198005912.0,134600.0,-1300.0,-0.96,2667500.0,358246.0,2.0,715619552.0,38784259.0,2.64,594113.0,79874.0,973225.0,130734.0,0.0,0.0,0.0,0.0,594113.0,79874.0,973225.0,130734.0,5652,5.55,23.8,12.35,2088850000000.0,9384944,68748900,120487000,117352300,132800,134920.0,134510.0,1298.8456413292536,1060.8696642115658
2024-11-05,3757900.0,501176.0,195357988.0,132800.0,-1800.0,-1.34,3182900.0,424072.0,1.0,715619552.0,38324966.0,2.61,685010.0,91260.0,1443815.0,192329.0,188000.0,25015.0,188000.0,25015.0,873010.0,116275.0,1631815.0,217345.0,5652,5.55,23.8,12.35,2088850000000.0,9384944,68748900,120487000,117352300,132600,134360.0,134460.0,1607.171428317465,1143.2896007184822
2024-11-06,2741100.0,366993.0,195063774.0,132600.0,-200.0,-0.15,1657100.0,220031.0,1.0,715619552.0,38623356.0,2.63,174310.0,23151.0,601011.0,79777.0,93000.0,12377.0,224000.0,30038.0,267310.0,35527.0,825011.0,109814.0,5652,5.55,23.8,12.35,2088850000000.0,9384944,68748900,120487000,117352300,134600,134100.0,134500.0,1385.6406460551018,1140.175425099101
2024-11-07,1801500.0,241407.0,198005912.0,134600.0,2000.0,1.51,1801500.0,241407.0,1.0,715619552.0,39314481.0,2.67,282100.0,37792.0,350200.0,46916.0,0.0,0.0,0.0,0.0,282100.0,37792.0,350200.0,46916.0,5652,5.55,23.8,12.35,2088850000000.0,9384944,68748900,120487000,117352300,135100,133940.0,134580.0,1152.3888232710347,1152.581643287954
2024-11-08,4526500.0,614647.0,198741447.0,135100.0,500.0,0.37,3570500.0,484914.0,1.0,715619552.0,40299796.0,2.74,458500.0,62105.0,276710.0,37518.0,0.0,0.0,0.0,0.0,458500.0,62105.0,276710.0,37518.0,5652,5.55,23.8,12.35,2088850000000.0,9384944,68748900,120487000,117352300,135800,134180.0,134760.0,1418.4498581197715,1191.8239989379144
2024-11-11,2106300.0,286090.0,199771195.0,135800.0,700.0,0.52,2106300.0,286090.0,1.0,715619552.0,40747528.0,2.77,284279.0,38585.0,140213.0,19013.0,0.0,0.0,0.0,0.0,284279.0,38585.0,140213.0,19013.0,5652,5.55,23.8,12.35,2088850000000.0,9384944,68748900,120487000,117352300,138300,135280.0,135100.0,2065.6718035544754,1637.7491328717417
2024-11-12,5292000.0,728542.0,203448868.0,138300.0,2500.0,1.84,5292000.0,728542.0,2.0,715619552.0,40753943.0,2.77,343785.0,47299.0,308550.0,42380.0,0.0,0.0,0.0,0.0,343785.0,47299.0,308550.0,42380.0,5652,5.55,23.8,12.35,2088850000000.0,9384944,68748900,120487000,117352300,136800,136120.0,135240.0,1472.0733677368123,1723.820047323814
2024-11-13,2964700.0,405661.0,201242264.0,136800.0,-1500.0,-1.08,2914700.0,398840.0,0.0,715619552.0,40604167.0,2.76,426486.0,58390.0,763970.0,104380.0,50000.0,6821.0,50000.0,6821.0,476486.0,65211.0,813970.0,111201.0,5652,5.55,23.8,12.35,2088850000000.0,9384944,68748900,120487000,117352300,137800,136760.0,135430.0,1335.2902306240392,1900.3216102076367
2024-11-14,3625400.0,497656.0,202713333.0,137800.0,1000.0,0.73,3455400.0,474344.0,2.0,715619552.0,39940773.0,2.72,803607.0,110301.0,1010800.0,138604.0,170000.0,23312.0,170000.0,23312.0,973607.0,133613.0,1180800.0,161916.0,5652,5.55,23.8,12.35,2088850000000.0,9384944,68748900,120487000,117352300,136000,136940.0,135440.0,1094.5318634009702,1903.3304144752663
2024-11-15,4911301.0,676812.0,200065409.0,136000.0,-1800.0,-1.31,4736300.0,652751.0,1.0,715619552.0,39916513.0,2.71,332810.0,45898.0,1784007.0,245770.0,155000.0,21271.0,155000.0,21271.0,487810.0,67169.0,1939007.0,267041.0,5652,5.55,23.8,12.35,2088850000000.0,9384944,68748900,120487000,117352300,133900,136560.0,135370.0,1732.9166165744964,1949.957264488957
2024-11-18,6563600.0,878197.0,196976164.0,133900.0,-2100.0,-1.54,6563600.0,878197.0,0.0,715619552.0,40154479.0,2.73,523004.0,69859.0,3049097.0,408113.0,0.0,0.0,0.0,0.0,523004.0,69859.0,3049097.0,408113.0,5652,5.55,23.8,12.35,2088850000000.0,9384944,68748900,120487000,117352300,134000,135700.0,135490.0,1720.4650534085254,1805.823911681292
2024-11-19,3993401.0,533015.0,197123271.0,134000.0,100.0,0.07,3903400.0,520995.0,1.0,715619552.0,40112708.0,2.73,1032571.0,137839.0,1244275.0,166004.0,90000.0,12020.0,90000.0,12020.0,1122571.0,149860.0,1334275.0,178024.0,5652,5.55,23.8,12.35,2088850000000.0,9384944,68748900,120487000,117352300,130000,134340.0,135230.0,2909.9828178186895,2367.8635471195767
2024-11-20,9152800.0,1211171.0,191238994.0,130000.0,-4000.0,-2.99,7642800.0,1000801.0,0.0,715619552.0,40311900.0,2.74,1550815.0,202905.0,3233524.0,424029.0,0.0,0.0,700000.0,99400.0,1550815.0,202905.0,3933524.0,523429.0,5652,5.55,23.8,12.35,2088850000000.0,9384944,68748900,120487000,117352300,132400,133260.0,135010.0,2226.656686604381,2529.5805537238193
2024-11-21,9620300.0,1247809.0,194769560.0,132400.0,2400.0,1.85,8460300.0,1092049.0,1.0,715619552.0,41378795.0,2.81,1982202.0,260106.0,3984560.0,510836.0,0.0,0.0,0.0,0.0,1982202.0,260106.0,3984560.0,510836.0,5652,5.55,23.8,12.35,2088850000000.0,9384944,68748900,120487000,117352300,133000,132660.0,134800.0,1627.2676485446393,2607.254835603475
2024-11-22,4329001.0,565732.0,195652201.0,133000.0,600.0,0.45,3176700.0,419155.0,1.0,715619552.0,41246023.0,2.8,643047.0,85038.0,1125832.0,148301.0,1006300.0,127251.0,306300.0,40451.0,1649347.0,212289.0,1432132.0,188752.0,5652,5.55,23.8,12.35,2088850000000.0,9384944,68748900,120487000,117352300,133900,132660.0,134610.0,1627.2676485446393,2595.4875371605003
2024-11-25,5575900.0,755990.0,196976164.0,133900.0,900.0,0.68,2915900.0,389768.0,2.0,720823899.0,49616656.0,3.37,695238.0,92936.0,245643.0,32821.0,0.0,0.0,0.0,0.0,695238.0,92936.0,245643.0,32821.0,5652,5.55,23.8,12.35,2088850000000.0,9384944,68748900,120487000,117352300,133900,132640.0,134170.0,1607.171428317465,2250.4567437645806
2024-11-26,6637700.0,910555.0,196976164.0,133900.0,0.0,0.0,1849700.0,247302.0,2.0,720823899.0,52787600.0,3.59,779616.0,104248.0,259500.0,34673.0,0.0,0.0,700000.0,99505.0,779616.0,104248.0,959500.0,134178.0,5652,5.55,23.8,12.35,2088850000000.0,9384944,68748900,120487000,117352300,135200,133680.0,134010.0,1061.602562167217,2094.145277779068
2024-11-27,4501100.0,607440.0,198888554.0,135200.0,1300.0,0.97,4176100.0,562870.0,2.0,720823899.0,52260516.0,3.55,1580916.0,213138.0,561374.0,75512.0,0.0,0.0,0.0,0.0,1580916.0,213138.0,561374.0,75512.0,5652,5.55,23.8,12.35,2088850000000.0,9384944,68748900,120487000,117352300,138900,134980.0,134120.0,2327.4449510138793,2330.8558275639475
2024-11-28,13316300.0,1835254.0,204331510.0,138900.0,3700.0,2.74,9814300.0,1358066.0,0.0,720823899.0,46583983.0,3.17,5093076.0,704573.0,832973.0,115129.0,950000.0,123620.0,250000.0,34720.0,6043076.0,828193.0,1082973.0,149849.0,5652,5.55,23.8,12.35,2088850000000.0,9384944,68748900,120487000,117352300,139400,136260.0,134460.0,2696.850014368615,2830.0765596240067
2024-11-29,7158700.0,993870.0,205067044.0,139400.0,500.0,0.36,4742700.0,660343.0,1.0,720823899.0,45243503.0,3.08,2265980.0,315542.0,626102.0,87230.0,0.0,0.0,0.0,0.0,2265980.0,315542.0,626102.0,87230.0,5652,5.55,23.8,12.35,2088850000000.0,9384944,68748900,120487000,117352300,144300,138340.0,135500.0,4078.3575125287875,4187.016970482809
2024-12-02,13487700.0,1924458.0,212275283.0,144300.0,4900.0,3.52,11586700.0,1652176.0,2.0,720823899.0,42501270.0,2.89,3286607.0,467109.0,1618291.0,230067.0,841000.0,120264.0,841000.0,120264.0,4127607.0,587373.0,2459291.0,350331.0,5652,5.55,23.8,12.35,2088850000000.0,13050959,96216400,170419800,160185700,142200,140000.0,136320.0,3461.935874622752,4639.15701154614
2024-12-03,7940530.0,1144117.0,209186038.0,142200.0,-1100.0,-0.77,6616800.0,949437.0,0.0,720823899.0,41635233.0,2.83,1699010.0,243964.0,2842500.0,407694.0,323730.0,46680.0,323730.0,46680.0,2022740.0,290644.0,3166230.0,454374.0,5652,5.55,23.8,12.35,2088850000000.0,13050959,96216400,170419800,160185700,145000,141960.0,137820.0,2770.018050482704,4791.149247426034
2024-12-04,6971700.0,1003777.0,213305032.0,145000.0,2800.0,1.97,5103700.0,734265.0,2.0,720823899.0,40933044.0,2.78,1328291.0,191112.0,1715830.0,246740.0,0.0,0.0,0.0,0.0,1328291.0,191112.0,1715830.0,246740.0,5652,5.55,23.8,12.35,2088850000000.0,13050959,96216400,170419800,160185700,143500,142880.0,138930.0,2206.1278294786093,4680.467687932234
2024-12-05,7749101.0,1128988.0,211098428.0,143500.0,-1500.0,-1.03,5609100.0,813743.0,2.0,720823899.0,41817525.0,2.84,733810.0,106438.0,1659634.0,240640.0,500000.0,72530.0,500000.0,72530.0,1233810.0,178967.0,2159634.0,313170.0,5652,5.55,23.8,12.35,2088850000000.0,13050959,96216400,170419800,160185700,148500,144700.0,140480.0,2365.3752345029743,5050.368523407196
2024-12-06,8805101.0,1290825.0,218453774.0,148500.0,5000.0,3.48,4849200.0,707111.0,2.0,720823899.0,43212945.0,2.94,1495080.0,218134.0,984777.0,143761.0,585900.0,85521.0,585900.0,85521.0,2080980.0,303655.0,1570677.0,229283.0,5652,5.55,23.8,12.35,2088850000000.0,13050959,96216400,170419800,160185700,149500,145740.0,142040.0,3156.422025015033,5199.187970785005
2024-12-09,5003200.0,748645.0,219924843.0,149500.0,1000.0,0.67,4541200.0,678952.0,2.0,720823899.0,43377079.0,2.95,1575696.0,235271.0,2269858.0,338821.0,202000.0,30174.0,202000.0,30174.0,1777696.0,265445.0,2471858.0,368995.0,5652,5.55,23.8,12.35,2088850000000.0,13050959,96216400,170419800,160185700,147000,146700.0,143350.0,2464.7515087732477,4527.263092764883
2024-12-10,5899005.0,878028.0,216247170.0,147000.0,-2500.0,-1.67,4539000.0,667467.0,2.0,720823899.0,44419920.0,3.02,616793.0,90662.0,2425113.0,356589.0,0.0,0.0,640000.0,101120.0,616793.0,90662.0,3065113.0,457709.0,5652,5.55,23.8,12.35,2088850000000.0,13050959,96216400,170419800,160185700,149500,147600.0,144780.0,2509.980079602227,3878.9460195035144
2024-12-11,4287206.0,637205.0,219924843.0,149500.0,2500.0,1.7,3597200.0,533506.0,1.0,720823899.0,44137468.0,3.0,1267229.0,187894.0,433115.0,64145.0,0.0,0.0,0.0,0.0,1267229.0,187894.0,433115.0,64145.0,5652,5.55,23.8,12.35,2088850000000.0,13050959,96216400,170419800,160185700,150500,149000.0,145940.0,1322.8756555322952,3653.0656836263993
2024-12-12,9266607.0,1402471.0,221395912.0,150500.0,1000.0,0.67,4816600.0,726231.0,1.0,720823899.0,44530298.0,3.03,1285028.0,193826.0,1361675.0,205209.0,740000.0,104880.0,120000.0,18088.0,2025028.0,298706.0,1481675.0,223297.0,5652,5.55,23.8,12.35,2088850000000.0,13050959,96216400,170419800,160185700,150200,149340.0,147020.0,1379.4926603646718,3051.702621306478
2024-12-13,5657907.0,854566.0,220954591.0,150200.0,-300.0,-0.2,4147900.0,622837.0,0.0,720823899.0,46414388.0,3.16,1181023.0,177254.0,1953326.0,292865.0,0.0,0.0,60000.0,8928.0,1181023.0,177254.0,2013326.0,301793.0,5652,5.55,23.8,12.35,2088850000000.0,13050959,96216400,170419800,160185700,149500,149340.0,147540.0,1379.4926603646718,2978.888681669343
2024-12-16,4864805.0,733167.0,219924843.0,149500.0,-700.0,-0.47,3379800.0,506936.0,1.0,720823899.0,44919347.0,3.05,1928156.0,289214.0,1951873.0,292813.0,0.0,0.0,0.0,0.0,1928156.0,289214.0,1951873.0,292813.0,5652,5.55,23.8,12.35,2088850000000.0,13050959,96216400,170419800,160185700,149900,149920.0,148310.0,438.1780460041329,2380.219410988066
2024-12-17,5671112.0,856142.0,220513271.0,149900.0,400.0,0.27,3291100.0,493650.0,0.0,720823899.0,44943009.0,3.06,1358013.0,203721.0,1386238.0,207915.0,0.0,0.0,0.0,0.0,1358013.0,203721.0,1386238.0,207915.0,5652,5.55,23.8,12.35,2088850000000.0,13050959,96216400,170419800,160185700,148000,149620.0,148610.0,978.2637681116479,2087.7686121258043
2024-12-18,7296205.0,1090438.0,217718239.0,148000.0,-1900.0,-1.27,5947500.0,885470.0,2.0,720823899.0,45102247.0,3.07,1902088.0,283677.0,3996276.0,594852.0,300000.0,44565.0,300000.0,44565.0,2202088.0,328242.0,4296276.0,639417.0,5652,5.55,23.8,12.35,2088850000000.0,13050959,96216400,170419800,160185700,148700,149260.0,149130.0,901.665126307988,1076.052456383432
2024-12-19,3539440.0,526858.0,218747988.0,148700.0,700.0,0.47,2923400.0,435819.0,1.0,720823899.0,45612715.0,3.1,1441405.0,214906.0,797890.0,118971.0,0.0,0.0,0.0,0.0,1441405.0,214906.0,797890.0,118971.0,5652,5.55,23.8,12.35,2088850000000.0,13050959,96216400,170419800,160185700,148100,148840.0,149090.0,841.4273587185052,1109.0035567521043
2024-12-20,5825454.0,864563.0,217865346.0,148100.0,-600.0,-0.4,4805200.0,711171.0,1.0,720823899.0,45076465.0,3.06,1922488.0,284558.0,1183635.0,175151.0,0.0,0.0,0.0,0.0,1922488.0,284558.0,1183635.0,175151.0,5652,5.55,23.8,12.35,2088850000000.0,13050959,96216400,170419800,160185700,149500,148840.0,149090.0,841.4273587185052,1109.0035567521043
2024-12-23,4735902.0,710815.0,219924843.0,149500.0,1400.0,0.95,3538900.0,529889.0,1.0,720823899.0,46591529.0,3.17,2507812.0,375463.0,1925814.0,288448.0,460000.0,68902.0,460000.0,68902.0,2967812.0,444365.0,2385814.0,357350.0,5652,5.55,23.8,12.35,2088850000000.0,13050959,96216400,170419800,160185700,149800,148820.0,149370.0,810.5553651663778,844.6564061465313
2024-12-24,4310913.0,648105.0,220366164.0,149800.0,300.0,0.2,2514800.0,375097.0,0.0,720823899.0,46286637.0,3.15,1086282.0,162070.0,1563724.0,233192.0,456100.0,67989.0,432800.0,64512.0,1542382.0,230060.0,1996524.0,297704.0,5652,5.55,23.8,12.35,2088850000000.0,13050959,96216400,170419800,160185700,150400,149300.0,149460.0,908.2951062292475,905.7838839614963
2024-12-25,4037903.0,607236.0,221248805.0,150400.0,600.0,0.4,2300900.0,345204.0,1.0,720823899.0,46495402.0,3.16,974870.0,146254.0,1021564.0,153119.0,1000000.0,150010.0,1000000.0,150010.0,1974870.0,296264.0,2021564.0,303129.0,5652,5.55,23.8,12.35,2088850000000.0,13050959,96216400,170419800,160185700,150800,149720.0,149490.0,1037.7861051295686,948.0389115314343
2024-12-26,4668104.0,698840.0,221837233.0,150800.0,400.0,0.27,2513100.0,378912.0,2.0,720823899.0,47852405.0,3.25,568811.0,85720.0,653345.0,98478.0,350000.0,52788.0,350000.0,52788.0,918811.0,138508.0,1003345.0,151266.0,5652,5.55,23.8,12.35,2088850000000.0,13050959,96216400,170419800,160185700,149800,150060.0,149450.0,527.2570530585627,922.8578799937704
2024-12-27,2820057.0,422649.0,220366164.0,149800.0,-1000.0,-0.66,2233300.0,334764.0,1.0,720823899.0,48738019.0,3.31,678110.0,101719.0,1129891.0,169411.0,710000.0,106346.0,710000.0,106346.0,1388110.0,208065.0,1839891.0,275757.0,5652,5.55,23.8,12.35,2088850000000.0,13050959,96216400,170419800,160185700,149600,150080.0,149460.0,501.9960159204453,924.0009620004232
2024-12-30,4611705.0,690788.0,220071950.0,149600.0,-200.0,-0.13,2561700.0,382262.0,2.0,720823899.0,49825583.0,3.39,787500.0,117497.0,298700.0,44569.0,0.0,0.0,0.0,0.0,787500.0,117497.0,298700.0,44569.0,5652,5.55,23.8,12.35,2088850000000.0,13050959,96216400,170419800,160185700,150500,150220.0,149520.0,501.9960159204453,973.8811243906381
2024-12-31,3458409.0,519810.0,221395912.0,150500.0,900.0,0.6,1982400.0,296877.0,2.0,720823899.0,49657280.0,3.38,450500.0,67515.0,465700.0,69719.0,0.0,0.0,0.0,0.0,450500.0,67515.0,465700.0,69719.0,5652,5.55,23.8,12.35,2088850000000.0,13050959,96216400,170419800,160185700,152500,150640.0,149970.0,1150.2173707608488,1205.5888372261827
2025-01-02,4803202.0,732417.0,224338050.0,152500.0,2000.0,1.33,3603200.0,548817.0,1.0,720823899.0,50107651.0,3.41,211700.0,32249.0,402000.0,61222.0,0.0,0.0,0.0,0.0,211700.0,32249.0,402000.0,61222.0,5697,6.27,26.77,12.74,2086990000000.0,12658417,85416000,142458200,142597200,152000,150880.0,150300.0,1306.5221008463652,1269.2955176439575
2025-01-03,6190801.0,930773.0,223602516.0,152000.0,-500.0,-0.33,3172800.0,479017.0,0.0,720823899.0,50406417.0,3.43,349600.0,52890.0,1822800.0,274906.0,0.0,0.0,0.0,0.0,349600.0,52890.0,1822800.0,274906.0,5697,6.27,26.77,12.74,2086990000000.0,12658417,85416000,142458200,142597200,149000,150720.0,150390.0,1505.6560032092325,1118.9777080492008
2025-01-06,6446104.0,968671.0,219189308.0,149000.0,-3000.0,-1.97,4336100.0,651136.0,0.0,720823899.0,49583462.0,3.37,939000.0,141019.0,2477200.0,372272.0,60000.0,9010.0,60000.0,9010.0,999000.0,150029.0,2537200.0,381282.0,5697,6.27,26.77,12.74,2086990000000.0,12658417,85416000,142458200,142597200,149300,150660.0,150370.0,1566.2056059151366,1138.273546502157
2025-01-07,3467104.0,517719.0,219630629.0,149300.0,300.0,0.2,3467100.0,517718.0,2.0,720823899.0,49985687.0,3.4,1241900.0,185479.0,1398100.0,208798.0,0.0,0.0,0.0,0.0,1241900.0,185479.0,1398100.0,208798.0,5697,6.27,26.77,12.74,2086990000000.0,12658417,85416000,142458200,142597200,150100,150580.0,150400.0,1586.5055940651455,1125.4628677422447
2025-01-08,4053304.0,610786.0,220807484.0,150100.0,800.0,0.54,3453300.0,519867.0,1.0,720823899.0,50581138.0,3.44,1664600.0,250631.0,1008100.0,151800.0,200000.0,30119.0,200000.0,30119.0,1864600.0,280750.0,1208100.0,181919.0,5697,6.27,26.77,12.74,2086990000000.0,12658417,85416000,142458200,142597200,148300,149740.0,150190.0,1418.802311810916,1306.7772062086933
2025-01-09,3879902.0,576711.0,218159560.0,148300.0,-1800.0,-1.2,3879900.0,576711.0,0.0,720823899.0,51359698.0,3.49,822800.0,122326.0,2373500.0,352822.0,0.0,0.0,0.0,0.0,822800.0,122326.0,2373500.0,352822.0,5697,6.27,26.77,12.74,2086990000000.0,12658417,85416000,142458200,142597200,148800,149100.0,149990.0,667.0832032063167,1355.195762816386
2025-01-10,1964401.0,291101.0,218895094.0,148800.0,500.0,0.34,1714400.0,254511.0,2.0,720823899.0,51426316.0,3.5,508690.0,75537.0,410742.0,60994.0,200000.0,29692.0,200000.0,29692.0,708690.0,105229.0,610742.0,90685.0,5697,6.27,26.77,12.74,2086990000000.0,12658417,85416000,142458200,142597200,147300,148760.0,149740.0,1052.6157893552613,1602.2206811519582
2025-01-13,2737703.0,405427.0,216688491.0,147300.0,-1500.0,-1.01,2524700.0,373943.0,1.0,720823899.0,51426306.0,3.5,1008279.0,149380.0,792700.0,117645.0,213000.0,31484.0,213000.0,31484.0,1221279.0,180863.0,1005700.0,149129.0,5697,6.27,26.77,12.74,2086990000000.0,12658417,85416000,142458200,142597200,147600,148420.0,149540.0,1107.7003204838393,1740.4980130219246
2025-01-14,5156707.0,755429.0,217129811.0,147600.0,300.0,0.2,3488800.0,511097.0,1.0,720823899.0,53573945.0,3.64,254661.0,37430.0,1194247.0,175423.0,1667900.0,244342.0,1667900.0,244342.0,1922561.0,281772.0,2862147.0,419765.0,5697,6.27,26.77,12.74,2086990000000.0,12658417,85416000,142458200,142597200,145100,147420.0,149000.0,1423.7275020171521,2189.3682498230564
2025-01-15,4304503.0,633194.0,213452138.0,145100.0,-2500.0,-1.69,2897200.0,422427.0,1.0,720823899.0,53673420.0,3.65,311267.0,45383.0,1607183.0,234460.0,78300.0,11417.0,78300.0,11417.0,389567.0,56799.0,1685483.0,245877.0,5697,6.27,26.77,12.74,2086990000000.0,12658417,85416000,142458200,142597200,145500,146860.0,148300.0,1537.2052563011875,2061.2833111653617
2025-01-16,3329903.0,484993.0,214040566.0,145500.0,400.0,0.28,2840900.0,412809.0,0.0,720823899.0,53772762.0,3.66,659358.0,95718.0,1648000.0,239435.0,170900.0,24849.0,170900.0,24849.0,830258.0,120567.0,1818900.0,264284.0,5697,6.27,26.77,12.74,2086990000000.0,12658417,85416000,142458200,142597200,146500,146400.0,147750.0,1090.8712114635714,1658.8148379691472
2025-01-17,3856703.0,563585.0,215511635.0,146500.0,1000.0,0.69,3568000.0,521397.0,2.0,720823899.0,54521491.0,3.71,428518.0,62689.0,1709300.0,249951.0,288700.0,42188.0,288700.0,42188.0,717218.0,104878.0,1998000.0,292139.0,5697,6.27,26.77,12.74,2086990000000.0,12658417,85416000,142458200,142597200,149000,146740.0,147750.0,1591.5401345866212,1658.8148379691472
2025-01-20,3900004.0,578062.0,219189308.0,149000.0,2500.0,1.71,3537000.0,524314.0,2.0,720823899.0,55619504.0,3.78,509170.0,75267.0,1359700.0,201037.0,0.0,0.0,100000.0,14824.0,509170.0,75267.0,1459700.0,215861.0,5697,6.27,26.77,12.74,2086990000000.0,12658417,85416000,142458200,142597200,150000,147220.0,147820.0,2171.8655575334305,1744.069315645946
2025-01-21,2297711.0,343045.0,220660377.0,150000.0,1000.0,0.67,2217700.0,331955.0,0.0,720823899.0,56390526.0,3.83,876978.0,131256.0,374299.0,55945.0,0.0,0.0,0.0,0.0,876978.0,131256.0,374299.0,55945.0,5697,6.27,26.77,12.74,2086990000000.0,12658417,85416000,142458200,142597200,149900,148180.0,147800.0,2058.3974348992956,1715.9383568311496
2025-01-22,3475801.0,522390.0,220513271.0,149900.0,-100.0,-0.07,2480300.0,372370.0,2.0,720823899.0,57473596.0,3.91,590230.0,88672.0,715100.0,107129.0,345500.0,51871.0,345500.0,51871.0,935730.0,140543.0,1060600.0,158999.0,5697,6.27,26.77,12.74,2086990000000.0,12658417,85416000,142458200,142597200,149700,149020.0,147940.0,1461.8481453283716,1815.4889148656189
2025-01-23,4066602.0,609376.0,220219057.0,149700.0,-200.0,-0.13,2785600.0,417226.0,1.0,720823899.0,57998406.0,3.94,934890.0,139940.0,1222400.0,183080.0,0.0,0.0,0.0,0.0,934890.0,139940.0,1222400.0,183080.0,5697,6.27,26.77,12.74,2086990000000.0,12658417,85416000,142458200,142597200,154300,150580.0,148490.0,2115.892246783848,2715.163183145915
2025-01-24,8459101.0,1299117.0,226985975.0,154300.0,4600.0,3.07,7057800.0,1086532.0,2.0,720823899.0,57496890.0,3.91,875815.0,134913.0,1043175.0,160927.0,151300.0,23292.0,151300.0,23292.0,1027115.0,158205.0,1194475.0,184219.0,5697,6.27,26.77,12.74,2086990000000.0,12658417,85416000,142458200,142597200,153400,151460.0,149100.0,2207.4872593063815,3078.960863668122
2025-02-03,3950706.0,607610.0,225662013.0,153400.0,-900.0,-0.58,3655700.0,561884.0,2.0,720823899.0,57556045.0,3.91,655945.0,100742.0,1809599.0,278236.0,0.0,0.0,0.0,0.0,655945.0,100742.0,1809599.0,278236.0,5697,6.27,26.77,12.74,2086990000000.0,8534914,57077300,86906100,88070200,145500,150560.0,148890.0,3493.994848307593,3258.9875728514135
2025-02-04,12863200.0,1890881.0,214040566.0,145500.0,-7900.0,-5.15,12747700.0,1873902.0,0.0,720823899.0,56710274.0,3.86,2068171.0,305038.0,5524455.0,813492.0,115500.0,16979.0,115500.0,16979.0,2183671.0,322016.0,5639955.0,830471.0,5697,6.27,26.77,12.74,2086990000000.0,8534914,57077300,86906100,88070200,146200,149820.0,149000.0,4020.8208117248896,3132.978703335773
2025-02-05,7250700.0,1064371.0,215070315.0,146200.0,700.0,0.48,5467700.0,798580.0,1.0,720823899.0,56561349.0,3.84,1192100.0,174145.0,2279032.0,332739.0,420000.0,61343.0,420000.0,61343.0,1612100.0,235488.0,2699032.0,394082.0,5697,6.27,26.77,12.74,2086990000000.0,8534914,57077300,86906100,88070200,146300,149140.0,149080.0,4322.383601671651,3042.586618871068
2025-02-06,5344100.0,783416.0,215217421.0,146300.0,100.0,0.07,5204100.0,762696.0,2.0,720823899.0,55562340.0,3.78,2808608.0,411564.0,2859500.0,419099.0,0.0,0.0,0.0,0.0,2808608.0,411564.0,2859500.0,419099.0,5697,6.27,26.77,12.74,2086990000000.0,8534914,57077300,86906100,88070200,146500,147580.0,149080.0,3275.209916936623,3042.586618871068
2025-02-07,3724601.0,544308.0,215511635.0,146500.0,200.0,0.14,3426600.0,500993.0,1.0,720823899.0,60214112.0,4.09,872683.0,127566.0,1024660.0,149802.0,0.0,0.0,0.0,0.0,872683.0,127566.0,1024660.0,149802.0,5697,6.27,26.77,12.74,2086990000000.0,8534914,57077300,86906100,88070200,146100,146120.0,148790.0,376.82887362833543,3185.8890264553834
2025-02-10,4365900.0,637557.0,214923208.0,146100.0,-400.0,-0.27,3865900.0,564532.0,1.0,720823899.0,60115223.0,4.09,2302921.0,336283.0,1931663.0,282036.0,500000.0,73025.0,500000.0,73025.0,2802921.0,409308.0,2431663.0,355061.0,5697,6.27,26.77,12.74,2086990000000.0,8534914,57077300,86906100,88070200,142000,145420.0,147990.0,1917.5505208468433,3794.572146866854
2025-02-11,7749600.0,1110284.0,208891824.0,142000.0,-4100.0,-2.81,7749600.0,1110284.0,0.0,720823899.0,60916720.0,4.14,2058003.0,295169.0,2126930.0,304578.0,0.0,0.0,0.0,0.0,2058003.0,295169.0,2126930.0,304578.0,5697,6.27,26.77,12.74,2086990000000.0,8534914,57077300,86906100,88070200,145400,145260.0,147540.0,1868.9569283426517,3809.695234238262
2025-02-12,7361400.0,1028164.0,213893459.0,145400.0,3400.0,2.39,5361400.0,763964.0,2.0,720823899.0,60083256.0,4.08,1858124.0,265032.0,2116230.0,300521.0,0.0,0.0,0.0,0.0,1858124.0,265032.0,2116230.0,300521.0,5697,6.27,26.77,12.74,2086990000000.0,8534914,57077300,86906100,88070200,145000,145000.0,147070.0,1776.231966833161,3803.5217598664694
2025-02-13,2035451.0,293775.0,213305032.0,145000.0,-400.0,-0.28,1887400.0,273640.0,1.0,720823899.0,61299019.0,4.17,685900.0,99429.0,617800.0,89569.0,0.0,0.0,0.0,0.0,685900.0,99429.0,617800.0,89569.0,5697,6.27,26.77,12.74,2086990000000.0,8534914,57077300,86906100,88070200,143100,144320.0,145950.0,1707.9227148791012,3002.683984556325
2025-02-14,3248100.0,465945.0,210510000.0,143100.0,-1900.0,-1.31,2850800.0,409131.0,2.0,720823899.0,62892705.0,4.28,503244.0,72249.0,712089.0,102280.0,397300.0,56816.0,397300.0,56816.0,900544.0,129065.0,1109389.0,159096.0,5697,6.27,26.77,12.74,2086990000000.0,8534914,57077300,86906100,88070200,144900,144080.0,145100.0,1461.8481453283716,1472.7148022916124
2025-02-17,3251709.0,470242.0,213157925.0,144900.0,1800.0,1.26,3251700.0,470241.0,1.0,720823899.0,63612958.0,4.32,1378977.0,199368.0,542200.0,78401.0,0.0,0.0,0.0,0.0,1378977.0,199368.0,542200.0,78401.0,5697,6.27,26.77,12.74,2086990000000.0,8534914,57077300,86906100,88070200,143600,144400.0,144910.0,992.4716620639604,1536.55458738046
2025-02-18,2816300.0,401807.0,211245535.0,143600.0,-1300.0,-0.9,2466300.0,354627.0,1.0,720823899.0,63640328.0,4.33,590430.0,84919.0,1083180.0,155232.0,0.0,0.0,0.0,0.0,590430.0,84919.0,1083180.0,155232.0,5697,6.27,26.77,12.74,2086990000000.0,8534914,57077300,86906100,88070200,143900,144100.0,144680.0,827.6472678623425,1493.5416521364912
2025-02-19,1664400.0,239297.0,211686855.0,143900.0,300.0,0.21,1664400.0,239297.0,2.0,720823899.0,63528198.0,4.32,762219.0,109615.0,460470.0,66175.0,0.0,0.0,0.0,0.0,762219.0,109615.0,460470.0,66175.0,5697,6.27,26.77,12.74,2086990000000.0,8534914,57077300,86906100,88070200,144000,143900.0,144450.0,659.545297913646,1389.8441159592683
2025-02-20,3469801.0,498207.0,211833962.0,144000.0,100.0,0.07,3029800.0,435016.0,2.0,720823899.0,62990964.0,4.28,1097434.0,157727.0,749729.0,107572.0,420000.0,60321.0,440000.0,63192.0,1517434.0,218047.0,1189729.0,170764.0,5697,6.27,26.77,12.74,2086990000000.0,8534914,57077300,86906100,88070200,143000,143880.0,144100.0,690.6518659932802,1249.888883950151
2025-02-21,3385400.0,485313.0,210362893.0,143000.0,-1000.0,-0.69,3385400.0,485313.0,2.0,720823899.0,63757444.0,4.33,269700.0,38643.0,1310309.0,187857.0,0.0,0.0,0.0,0.0,269700.0,38643.0,1310309.0,187857.0,5697,6.27,26.77,12.74,2086990000000.0,8534914,57077300,86906100,88070200,142000,143300.0,143690.0,824.6211251235321,1192.0570456148203
2025-02-24,5332600.0,756982.0,208891824.0,142000.0,-1000.0,-0.7,5312600.0,754130.0,2.0,720823899.0,62914196.0,4.28,1271718.0,180492.0,2313956.0,328420.0,0.0,0.0,0.0,0.0,1271718.0,180492.0,2313956.0,328420.0,5697,6.27,26.77,12.74,2086990000000.0,8534914,57077300,86906100,88070200,140500,142680.0,143540.0,1461.8481453283716,1486.3826335547878
2025-02-25,7517901.0,1055207.0,206685220.0,140500.0,-1500.0,-1.06,7497900.0,1052387.0,0.0,720823899.0,62361682.0,4.24,1290243.0,181334.0,3072347.0,430990.0,0.0,0.0,0.0,0.0,1290243.0,181334.0,3072347.0,430990.0,5697,6.27,26.77,12.74,2086990000000.0,8534914,57077300,86906100,88070200,139000,141700.0,142900.0,1987.4606914351791,1913.1126469708834
2025-02-26,7334400.0,1018328.0,204478616.0,139000.0,-1500.0,-1.07,6810400.0,945360.0,1.0,720823899.0,61855637.0,4.2,1784354.0,247873.0,3167760.0,438526.0,353000.0,49043.0,353000.0,49043.0,2137354.0,296916.0,3520760.0,487569.0,5697,6.27,26.77,12.74,2086990000000.0,8534914,57077300,86906100,88070200,141800,141260.0,142580.0,1545.3155017665486,1786.243731036334
2025-02-27,3739800.0,524682.0,208597610.0,141800.0,2800.0,2.01,3323400.0,466222.0,2.0,720823899.0,63241179.0,4.3,917414.0,128892.0,1006692.0,140924.0,500100.0,70271.0,500100.0,70271.0,1417514.0,199163.0,1506792.0,211195.0,5697,6.27,26.77,12.74,2086990000000.0,8534914,57077300,86906100,88070200,141300,140920.0,142400.0,1219.4260945215171,1818.424226264763
2025-02-28,3921700.0,553708.0,207862076.0,141300.0,-500.0,-0.35,3421700.0,483088.0,1.0,720823899.0,64762406.0,4.4,1519120.0,214414.0,1440330.0,203218.0,500000.0,70621.0,500000.0,70621.0,2019120.0,285035.0,1940330.0,273839.0,5697,6.27,26.77,12.74,2086990000000.0,8534914,57077300,86906100,88070200,140300,140580.0,141940.0,1070.9808588392232,1693.2545913450365
2025-03-03,6943200.0,970677.0,206391006.0,140300.0,-1000.0,-0.71,4694400.0,655863.0,2.0,720823899.0,66050204.0,4.49,1664962.0,232570.0,2059505.0,287613.0,1456800.0,203538.0,1256800.0,175591.0,3121762.0,436108.0,3316305.0,463205.0,5697,6.27,26.77,12.74,2086990000000.0,13399266,93419200,148910100,161785900,140500,140580.0,141630.0,1070.9808588392232,1638.4613378275035
2025-03-04,2933900.0,412898.0,206685220.0,140500.0,200.0,0.14,2533900.0,356622.0,1.0,720823899.0,66096965.0,4.49,959931.0,135061.0,1478256.0,207971.0,400000.0,56278.0,400000.0,56278.0,1359931.0,191340.0,1878256.0,264249.0,5697,6.27,26.77,12.74,2086990000000.0,13399266,93419200,148910100,161785900,140000,140780.0,141240.0,746.3243262818116,1496.0689229518005
2025-03-05,4024595.0,561630.0,205949686.0,140000.0,-500.0,-0.36,3471300.0,485622.0,1.0,720823899.0,66100985.0,4.49,1336310.0,186988.0,1242846.0,173449.0,400000.0,55973.0,300000.0,41980.0,1736310.0,242961.0,1542846.0,215429.0,5697,6.27,26.77,12.74,2086990000000.0,13399266,93419200,148910100,161785900,139100,140240.0,140750.0,798.7490219086343,1278.2366325875782
2025-03-06,2851100.0,398057.0,204625723.0,139100.0,-900.0,-0.64,2851100.0,398057.0,1.0,720823899.0,67518253.0,4.59,610237.0,85198.0,776300.0,108315.0,0.0,0.0,0.0,0.0,610237.0,85198.0,776300.0,108315.0,5697,6.27,26.77,12.74,2086990000000.0,13399266,93419200,148910100,161785900,141600,140300.0,140610.0,902.7735042633894,1062.9623177181925
2025-03-07,6511400.0,921080.0,208303396.0,141600.0,2500.0,1.8,6417100.0,907741.0,2.0,720823899.0,66916990.0,4.55,2079519.0,293500.0,2420240.0,342230.0,94300.0,13339.0,94300.0,13339.0,2173819.0,306839.0,2514540.0,355569.0,5697,6.27,26.77,12.74,2086990000000.0,13399266,93419200,148910100,161785900,141400,140520.0,140550.0,1028.10505299799,990.2300518341679
2025-03-10,3436000.0,486821.0,208009182.0,141400.0,-200.0,-0.14,2954500.0,418579.0,0.0,720823899.0,67355093.0,4.58,788743.0,111749.0,1525192.0,215676.0,441500.0,62437.0,441500.0,62437.0,1230243.0,174185.0,1966692.0,278113.0,5697,6.27,26.77,12.74,2086990000000.0,13399266,93419200,148910100,161785900,139300,140280.0,140430.0,1164.903429473877,1066.7187487284702
2025-03-11,5681900.0,796168.0,204919937.0,139300.0,-2100.0,-1.49,5323000.0,745248.0,1.0,720823899.0,66589517.0,4.53,1525876.0,213768.0,2671316.0,372406.0,193900.0,27147.0,193900.0,27147.0,1719776.0,240915.0,2865216.0,399553.0,5697,6.27,26.77,12.74,2086990000000.0,13399266,93419200,148910100,161785900,137500,139780.0,140280.0,1719.5929750961418,1356.302162335332
2025-03-12,6164400.0,849430.0,202272013.0,137500.0,-1800.0,-1.29,5784400.0,797080.0,1.0,720823899.0,67582207.0,4.59,1411550.0,194553.0,1978820.0,272010.0,380000.0,52351.0,380000.0,52351.0,1791550.0,246904.0,2358820.0,324361.0,5697,6.27,26.77,12.74,2086990000000.0,13399266,93419200,148910100,161785900,135900,139140.0,139690.0,2468.4002916869053,1824.1893176604824
