Date,Total Volume,Total Value,Market Cap,Closing Price,Price Change,Price Change %,Matched Volume,Matched Value,sentiment_score,Foreign Investor Room,Remaining Room Shares,Remaining Room %,Matched Buy Volume,Matched Buy Value,Matched Sell Volume,Matched Sell Value,Negotiated Buy Volume,Negotiated Buy Value,Negotiated Sell Volume,Negotiated Sell Value,Total Buy Volume,Total Buy Value,Total Sell Volume,Total Sell Value,EPS,P/E,P/B,P/S,Loi nhuan,GT_Khop,KL_Khop,KL_Ban,KL_Mua
2024-03-26,3110290,365684,146046421,115000,1000,0.88,1693300,193338,1.0,622284748.0,0.0,0.0,0.0,0.0,6200.0,707.0,1390790.0,169537.0,1390790.0,169537.0,1390790.0,169537.0,1396990.0,170244.0,5476,4.08,17.55,8.31,1728400000000.0,5008978,48078100,71546400,67035400
2024-03-27,1467800,168909,146300414,115200,200,0.17,1320200,151372,1.0,622284748.0,0.0,0.0,0.0,0.0,1700.0,194.0,40000.0,4920.0,40000.0,4920.0,40000.0,4920.0,41700.0,5114.0,5476,4.08,17.55,8.31,1728400000000.0,5008978,48078100,71546400,67035400
2024-03-28,2854400,333719,148713355,117100,1900,1.65,2803200,327411,2.0,622284748.0,0.0,0.0,0.0,0.0,0.0,0.0,51200.0,6308.0,51200.0,6308.0,51200.0,6308.0,51200.0,6308.0,5476,4.08,17.55,8.31,1728400000000.0,5008978,48078100,71546400,67035400
2024-03-29,2594300,310422,147951374,116500,-600,-0.51,1343500,156545,1.0,622284748.0,0.0,0.0,0.0,0.0,200.0,23.0,924600.0,115760.0,924600.0,115760.0,924600.0,115760.0,924800.0,115783.0,5476,4.08,17.55,8.31,1728400000000.0,5008978,48078100,71546400,67035400
2024-04-01,3243600,387065,148332365,116800,300,0.26,1974600,229434,2.0,622284748.0,0.0,0.0,1700.0,197.0,8440.0,972.0,799000.0,99555.0,799000.0,99555.0,800700.0,99753.0,807440.0,100527.0,5541,4.66,21.02,10.5,1798030000000.0,7784914,68853100,121896600,126321700
2024-04-02,2745500,322787,148586358,117000,200,0.17,2285800,265370,2.0,622284748.0,0.0,0.0,0.0,0.0,224.0,23.0,459700.0,57417.0,459700.0,57417.0,459700.0,57417.0,459924.0,57440.0,5541,4.66,21.02,10.5,1798030000000.0,7784914,68853100,121896600,126321700
2024-04-03,2875000,336276,146173418,115100,-1900,-1.62,2549000,295493,0.0,622284748.0,0.0,0.0,0.0,0.0,4821.0,562.0,326000.0,40783.0,326000.0,40783.0,326000.0,40783.0,330821.0,41344.0,5541,4.66,21.02,10.5,1798030000000.0,7784914,68853100,121896600,126321700
2024-04-04,2930000,340949,144776452,114000,-1100,-0.96,2359500,270720,2.0,622284748.0,0.0,0.0,8440.0,966.0,15.0,0.0,570500.0,70229.0,570500.0,70229.0,578940.0,71195.0,570515.0,70229.0,5541,4.66,21.02,10.5,1798030000000.0,7784914,68853100,121896600,126321700
2024-04-05,2840844,322836,144395461,113700,-300,-0.26,2759000,312859,1.0,622284748.0,0.0,0.0,0.0,0.0,800.0,91.0,81800.0,9971.0,81800.0,9971.0,81800.0,9971.0,82600.0,10062.0,5541,4.66,21.02,10.5,1798030000000.0,7784914,68853100,121896600,126321700
2024-04-08,1952000,220502,142998495,112600,-1100,-0.97,1952000,220502,2.0,622284748.0,0.0,0.0,0.0,0.0,0.0,0.0,0.0,0.0,0.0,0.0,0.0,0.0,0.0,0.0,5541,4.66,21.02,10.5,1798030000000.0,7784914,68853100,121896600,126321700
2024-04-09,1432500,161738,143506483,113000,400,0.36,1432500,161738,1.0,622284748.0,0.0,0.0,15.0,0.0,13148.0,1479.0,0.0,0.0,0.0,0.0,15.0,0.0,13148.0,1479.0,5541,4.66,21.02,10.5,1798030000000.0,7784914,68853100,121896600,126321700
2024-04-10,1982020,227719,144522458,113800,800,0.71,1791100,204637,1.0,622284748.0,0.0,0.0,844.0,91.0,100.0,11.0,190920.0,23082.0,190920.0,23082.0,191764.0,23173.0,191020.0,23094.0,5541,4.66,21.02,10.5,1798030000000.0,7784914,68853100,121896600,126321700
2024-04-11,1623300,186677,145919424,114900,1100,0.97,1549400,177683,0.0,622284748.0,0.0,0.0,0.0,0.0,0.0,0.0,73900.0,8994.0,73900.0,8994.0,73900.0,8994.0,73900.0,8994.0,5541,4.66,21.02,10.5,1798030000000.0,7784914,68853100,121896600,126321700
2024-04-12,1862520,216516,146681405,115500,600,0.52,1367300,157333,2.0,622284748.0,13148.0,0.0,13100.0,1518.0,0.0,0.0,390220.0,47958.0,390220.0,47958.0,403320.0,49476.0,390220.0,47958.0,5541,4.66,21.02,10.5,1798030000000.0,7784914,68853100,121896600,126321700
2024-04-15,4289300,491287,141728526,111600,-3900,-3.38,3701900,418743,1.0,622284748.0,0.0,0.0,100.0,12.0,0.0,0.0,587400.0,72544.0,587400.0,72544.0,587500.0,72555.0,587400.0,72544.0,5541,4.66,21.02,10.5,1798030000000.0,7784914,68853100,121896600,126321700
2024-04-16,4523200,513918,143506483,113000,1400,1.25,3642700,408786,2.0,622284748.0,0.0,0.0,0.0,0.0,7701.0,866.0,880500.0,105132.0,880500.0,105132.0,880500.0,105132.0,888201.0,105997.0,5541,4.66,21.02,10.5,1798030000000.0,7784914,68853100,121896600,126321700
2024-04-17,2998100,344269,141982520,111800,-1200,-1.06,1943300,218044,1.0,622284748.0,0.0,0.0,0.0,0.0,10933.0,1226.0,972500.0,117575.0,972500.0,117575.0,972500.0,117575.0,983433.0,118801.0,5541,4.66,21.02,10.5,1798030000000.0,7784914,68853100,121896600,126321700
2024-04-19,7851100,887183,138426607,109000,-2800,-2.5,5361100,589379,0.0,622284748.0,0.0,0.0,0.0,0.0,6600.0,727.0,2490000.0,297804.0,2490000.0,297804.0,2490000.0,297804.0,2496600.0,298531.0,5541,4.66,21.02,10.5,1798030000000.0,7784914,68853100,121896600,126321700
2024-04-22,2505218,276687,140077567,110300,1300,1.19,2397300,264104,2.0,622284748.0,0.0,0.0,0.0,0.0,21900.0,2417.0,107900.0,12581.0,107918.0,12581.0,107900.0,12581.0,129818.0,14998.0,5541,4.66,21.02,10.5,1798030000000.0,7784914,68853100,121896600,126321700
2024-04-23,4233700,472701,142617505,112300,2000,1.81,4037600,451063,1.0,622284748.0,0.0,0.0,0.0,0.0,0.0,0.0,98600.0,11635.0,98600.0,11635.0,98600.0,11635.0,98600.0,11635.0,5541,4.66,21.02,10.5,1798030000000.0,7784914,68853100,121896600,126321700
2024-04-24,10945700,1299239,152523262,120100,7800,6.95,10158700,1204720,2.0,622284748.0,0.0,0.0,1800.0,204.0,5150.0,612.0,787000.0,94519.0,787000.0,94519.0,788800.0,94723.0,792150.0,95131.0,5541,4.66,21.02,10.5,1798030000000.0,7784914,68853100,121896600,126321700
2024-04-25,9215500,1158686,156460165,123200,3100,2.58,5707700,708164,0.0,622284748.0,21918.0,0.0,0.0,0.0,3200.0,398.0,3487800.0,448182.0,3465900.0,445368.0,3487800.0,448182.0,3469100.0,445766.0,5541,4.66,21.02,10.5,1798030000000.0,7784914,68853100,121896600,126321700
2024-04-26,6053000,769750,156460165,123200,0,0.0,3396500,419623,2.0,622284748.0,0.0,0.0,0.0,0.0,13000.0,1604.0,2656500.0,350127.0,2656500.0,350127.0,2656500.0,350127.0,2669500.0,351730.0,5541,4.66,21.02,10.5,1798030000000.0,7784914,68853100,121896600,126321700
2024-05-02,6888000,890470,161667038,127300,4100,3.33,3469300,439885,0.0,622284748.0,5150.0,0.0,5100.0,631.0,19300.0,2413.0,3418700.0,450585.0,3418700.0,450585.0,3423800.0,451216.0,3438000.0,452997.0,5541,4.66,21.02,10.5,1798030000000.0,6978395,60367000,102734100,121793000
2024-05-03,4665500,601728,159889081,125900,-1400,-1.1,3191200,403104,2.0,622284748.0,0.0,0.0,3200.0,410.0,100.0,13.0,1474300.0,198217.0,1474300.0,198217.0,1477500.0,198627.0,1474400.0,198230.0,5541,4.66,21.02,10.5,1798030000000.0,6978395,60367000,102734100,121793000
2024-05-06,2744600,346861,162048028,127600,1700,1.35,2704600,341473,1.0,622284748.0,0.0,0.0,13000.0,1645.0,0.0,0.0,40000.0,5388.0,40000.0,5388.0,53000.0,7033.0,40000.0,5388.0,5541,4.66,21.02,10.5,1798030000000.0,6978395,60367000,102734100,121793000
2024-05-07,3874168,508754,166746913,131300,3700,2.9,3122800,406192,1.0,622284748.0,19454.0,0.0,19400.0,2483.0,4200.0,546.0,738400.0,100792.0,738400.0,100792.0,757800.0,103275.0,742600.0,101338.0,5541,4.66,21.02,10.5,1798030000000.0,6978395,60367000,102734100,121793000
2024-05-08,3824500,503976,166365923,131000,-300,-0.23,3017800,392617,2.0,622284748.0,0.0,0.0,100.0,13.0,95.0,0.0,806700.0,111359.0,806700.0,111359.0,806800.0,111372.0,806795.0,111359.0,5541,4.66,21.02,10.5,1798030000000.0,6978395,60367000,102734100,121793000
2024-05-09,3041600,399651,165476944,130300,-700,-0.53,2203300,288297,1.0,622284748.0,0.0,0.0,0.0,0.0,3917.0,510.0,638248.0,86967.0,638300.0,86967.0,638248.0,86967.0,642217.0,87478.0,5541,4.66,21.02,10.5,1798030000000.0,6978395,60367000,102734100,121793000
2024-05-10,4168700,543191,166365923,131000,700,0.54,3789700,494172,2.0,622284748.0,0.0,0.0,0.0,0.0,380200.0,49773.0,255000.0,33992.0,255000.0,33992.0,255000.0,33992.0,635200.0,83764.0,5541,4.66,21.02,10.5,1798030000000.0,6978395,60367000,102734100,121793000
2024-05-13,4360200,577287,164714963,129700,-1300,-0.99,1852200,240663,1.0,622284748.0,0.0,0.0,0.0,0.0,39400.0,5124.0,2328000.0,314280.0,2328000.0,314280.0,2328000.0,314280.0,2367400.0,319404.0,5541,4.66,21.02,10.5,1798030000000.0,6978395,60367000,102734100,121793000
2024-05-14,3151900,414149,165730938,130500,800,0.62,2304600,300958,1.0,622284748.0,0.0,0.0,3969.0,507.0,152.0,13.0,847300.0,113192.0,847300.0,113192.0,851269.0,113699.0,847452.0,113205.0,5541,4.66,21.02,10.5,1798030000000.0,6978395,60367000,102734100,121793000
2024-05-15,4717700,627531,170302826,134100,3600,2.76,3653100,485070,2.0,622284748.0,0.0,0.0,200.0,26.0,800.0,106.0,776600.0,105422.0,396600.0,54344.0,776800.0,105448.0,397400.0,54450.0,5541,4.66,21.02,10.5,1798030000000.0,6978395,60367000,102734100,121793000
2024-05-16,4043900,543764,171953786,135400,1300,0.97,3119000,423780,1.0,622284748.0,0.0,0.0,5400.0,732.0,277700.0,37840.0,327400.0,45137.0,293400.0,40464.0,332800.0,45869.0,571100.0,78304.0,5541,4.66,21.02,10.5,1798030000000.0,6978395,60367000,102734100,121793000
2024-05-17,3049001,410104,170810814,134500,-900,-0.66,2306400,310275,1.0,622284748.0,0.0,0.0,152.0,14.0,491900.0,66034.0,524600.0,70891.0,524600.0,70891.0,524752.0,70904.0,1016500.0,136925.0,5541,4.66,21.02,10.5,1798030000000.0,6978395,60367000,102734100,121793000
2024-05-20,3143500,423354,168905860,133000,-1500,-1.12,2013500,270495,2.0,622284748.0,0.0,0.0,800.0,108.0,27900.0,3769.0,1100000.0,148838.0,1100000.0,148838.0,1100800.0,148946.0,1127900.0,152607.0,5541,4.66,21.02,10.5,1798030000000.0,6978395,60367000,102734100,121793000
2024-05-21,4206300,566508,172715767,136000,3000,2.26,3471900,467061,2.0,622284748.0,0.0,0.0,277700.0,37212.0,607768.0,81607.0,734400.0,99449.0,734400.0,99449.0,1012100.0,136661.0,1342168.0,181056.0,5541,4.66,21.02,10.5,1798030000000.0,6978395,60367000,102734100,121793000
2024-05-22,7132400,970471,175255705,138000,2000,1.47,4511800,621721,0.0,622284748.0,0.0,0.0,455900.0,62845.0,1006688.0,138773.0,26900.0,3678.0,26900.0,3678.0,482800.0,66523.0,1033588.0,142451.0,5541,4.66,21.02,10.5,1798030000000.0,6978395,60367000,102734100,121793000
2024-05-23,3769000,514269,174620720,137500,-500,-0.36,3621500,493717,0.0,622284748.0,0.0,0.0,0.0,0.0,1372915.0,187149.0,47500.0,6752.0,47500.0,6752.0,47500.0,6752.0,1420415.0,193901.0,5541,4.66,21.02,10.5,1798030000000.0,6978395,60367000,102734100,121793000
2024-05-24,14134601,1885240,167508895,131900,-5600,-4.07,13375600,1782682,1.0,622284748.0,0.0,0.0,607768.0,83182.0,3271747.0,438575.0,500000.0,67180.0,500000.0,67180.0,1107768.0,150362.0,3771747.0,505755.0,5541,4.66,21.02,10.5,1798030000000.0,6978395,60367000,102734100,121793000
2024-05-27,6121100,808830,168651867,132800,900,0.68,5157800,682267,2.0,622284748.0,0.0,0.0,1006688.0,133885.0,786500.0,104073.0,778300.0,103290.0,778300.0,103290.0,1784988.0,237175.0,1564800.0,207363.0,5541,4.66,21.02,10.5,1798030000000.0,6978395,60367000,102734100,121793000
2024-05-28,5419500,728079,173985736,137000,4200,3.16,4625300,623833,0.0,622284748.0,0.0,0.0,1122915.0,150601.0,534012.0,71707.0,250000.0,33500.0,0.0,0.0,1372915.0,184101.0,534012.0,71707.0,5541,4.66,21.02,10.5,1798030000000.0,6978395,60367000,102734100,121793000
2024-05-29,6107600,830817,172334776,135700,-1300,-0.95,5837600,793587,0.0,622284748.0,603909.0,0.05,2417838.0,328272.0,1668251.0,226792.0,250000.0,34500.0,0.0,0.0,2667838.0,362772.0,1668251.0,226792.0,5541,4.66,21.02,10.5,1798030000000.0,6978395,60367000,102734100,121793000
2024-05-30,7301300,970579,171445798,135000,-700,-0.52,7261300,965211,0.0,622284748.0,1349609.0,0.11,1348900.0,179663.0,2876100.0,382399.0,0.0,0.0,0.0,0.0,1348900.0,179663.0,2876100.0,382399.0,5541,4.66,21.02,10.5,1798030000000.0,6978395,60367000,102734100,121793000
2024-05-31,2696600,362972,170937811,134600,-400,-0.3,2633500,354488,0.0,622284748.0,534061.0,0.04,533900.0,71756.0,178700.0,24089.0,63100.0,8484.0,63100.0,8484.0,597000.0,80241.0,241800.0,32573.0,5541,4.66,21.02,10.5,1798030000000.0,6978395,60367000,102734100,121793000
2024-06-03,7773600,1062261,173858739,136900,2300,1.71,7773600,1062261,2.0,622284748.0,1668251.0,0.13,1244000.0,169893.0,1988200.0,271684.0,0.0,0.0,0.0,0.0,1244000.0,169893.0,1988200.0,271684.0,5541,4.66,21.02,10.5,1798030000000.0,11581548,87243800,150777000,154735700
2024-06-04,7049800,979413,176652671,139100,2200,1.61,7009800,973897,2.0,622284748.0,3300052.0,0.26,1943500.0,270084.0,1234600.0,171566.0,0.0,0.0,0.0,0.0,1943500.0,270084.0,1234600.0,171566.0,5541,4.66,21.02,10.5,1798030000000.0,11581548,87243800,150777000,154735700
2024-06-05,6341801,898304,177922639,140100,1000,0.72,6321600,895476,2.0,622284748.0,1535081.0,0.12,1534600.0,217748.0,1972800.0,278766.0,0.0,0.0,0.0,0.0,1534600.0,217748.0,1972800.0,278766.0,5541,4.66,21.02,10.5,1798030000000.0,11581548,87243800,150777000,154735700
2024-06-06,5231800,734435,177287655,139600,-500,-0.36,5211800,731829,2.0,622284748.0,1988231.0,0.16,333900.0,46858.0,1928800.0,271071.0,0.0,0.0,0.0,0.0,333900.0,46858.0,1928800.0,271071.0,5541,4.66,21.02,10.5,1798030000000.0,11581548,87243800,150777000,154735700
2024-06-07,3976600,561621,180335580,142000,2400,1.72,3756900,530586,1.0,622284748.0,2888237.0,0.23,881800.0,124524.0,1058700.0,149496.0,219700.0,31035.0,219700.0,31035.0,1101500.0,155559.0,1278400.0,180531.0,5541,4.66,21.02,10.5,1798030000000.0,11581548,87243800,150777000,154735700
2024-06-10,3775400,542408,182875518,144000,2000,1.41,3775400,542408,1.0,622284748.0,3942973.0,0.31,130800.0,18797.0,1329500.0,190834.0,0.0,0.0,0.0,0.0,130800.0,18797.0,1329500.0,190834.0,5541,4.66,21.02,10.5,1798030000000.0,11581548,87243800,150777000,154735700
2024-06-11,8418500,1236119,186050440,146500,2500,1.74,6327300,915257,2.0,622284748.0,5704776.0,0.45,244800.0,35410.0,2045700.0,295391.0,0.0,0.0,0.0,0.0,244800.0,35410.0,2045700.0,295391.0,5541,4.66,21.02,10.5,1798030000000.0,11581548,87243800,150777000,154735700
2024-06-12,11215500,1464082,167635892,132000,5500,4.35,11215500,1464082,2.0,622284748.0,5971206.0,0.47,547440.0,71413.0,4328151.0,566705.0,0.0,0.0,0.0,0.0,547440.0,71413.0,4328151.0,566705.0,5541,4.66,21.02,10.5,1798030000000.0,11581548,87243800,150777000,154735700
2024-06-13,8676200,1137718,165095954,130000,-2000,-1.52,8136200,1066858,2.0,622284748.0,6954432.0,0.55,346290.0,45429.0,5350835.0,701527.0,0.0,0.0,500000.0,65564.0,346290.0,45429.0,5850835.0,767091.0,5541,4.66,21.02,10.5,1798030000000.0,11581548,87243800,150777000,154735700
2024-06-14,6607200,861029,166365923,131000,1000,0.77,6406200,834853,0.0,622284748.0,7931127.0,0.62,1069099.0,138974.0,2210300.0,287481.0,0.0,0.0,0.0,0.0,1069099.0,138974.0,2210300.0,287481.0,5541,4.66,21.02,10.5,1798030000000.0,11581548,87243800,150777000,154735700
2024-06-17,4867600,631221,163571991,128800,-2200,-1.68,4867600,631221,1.0,622284748.0,11965986.0,0.94,293292.0,37964.0,1149700.0,148963.0,0.0,0.0,0.0,0.0,293292.0,37964.0,1149700.0,148963.0,5541,4.66,21.02,10.5,1798030000000.0,11581548,87243800,150777000,154735700
2024-06-18,6936800,893871,162556016,128000,-800,-0.62,6680000,860576,2.0,622284748.0,17294378.0,1.36,522443.0,67085.0,2860719.0,368915.0,75800.0,9765.0,75800.0,9765.0,598243.0,76850.0,2936519.0,378680.0,5541,4.66,21.02,10.5,1798030000000.0,11581548,87243800,150777000,154735700
2024-06-19,10269200,1321426,192048921,131500,3500,2.73,9669200,1249784,1.0,622284748.0,18991302.0,1.3,513376.0,66712.0,2228800.0,288611.0,0.0,0.0,0.0,0.0,513376.0,66712.0,2228800.0,288611.0,5541,4.66,21.02,10.5,1798030000000.0,11581548,87243800,150777000,154735700
2024-06-20,11060700,1477679,194677727,133300,1800,1.37,10465700,1404641,1.0,622284748.0,19489204.0,1.33,580798.0,77651.0,2555814.0,343051.0,0.0,0.0,0.0,0.0,580798.0,77651.0,2555814.0,343051.0,5541,4.66,21.02,10.5,1798030000000.0,11581548,87243800,150777000,154735700
2024-06-21,7653300,1034712,198766982,136100,2800,2.1,7653300,1034712,0.0,622284748.0,21334370.0,1.46,1019553.0,137267.0,2696000.0,364332.0,0.0,0.0,0.0,0.0,1019553.0,137267.0,2696000.0,364332.0,5541,4.66,21.02,10.5,1798030000000.0,11581548,87243800,150777000,154735700
2024-06-24,14390900,1936123,192925190,132100,-4000,-2.94,13186900,1762003,1.0,622284748.0,22155418.0,1.52,1487752.0,198294.0,5900038.0,788716.0,0.0,0.0,0.0,0.0,1487752.0,198294.0,5900038.0,788716.0,5541,4.66,21.02,10.5,1798030000000.0,11581548,87243800,150777000,154735700
2024-06-25,14050143,1821409,189858249,130000,-2100,-1.59,13706800,1776774,1.0,622284748.0,23101114.0,1.58,1610118.0,208693.0,3650978.0,473598.0,343343.0,44635.0,343343.0,44635.0,1953461.0,253327.0,3994321.0,518233.0,5541,4.66,21.02,10.5,1798030000000.0,11581548,87243800,150777000,154735700
2024-06-26,7221400,941975,192487055,131800,1800,1.38,7147400,932098,1.0,622284748.0,24722275.0,1.69,1098839.0,144003.0,3020000.0,393613.0,0.0,0.0,0.0,0.0,1098839.0,144003.0,3020000.0,393613.0,5541,4.66,21.02,10.5,1798030000000.0,11581548,87243800,150777000,154735700
2024-06-27,6527700,863129,193947503,132800,1000,0.76,6403700,847765,1.0,622284748.0,29840072.0,2.04,780841.0,103548.0,1547500.0,204608.0,0.0,0.0,0.0,0.0,780841.0,103548.0,1547500.0,204608.0,5541,4.66,21.02,10.5,1798030000000.0,11581548,87243800,150777000,154735700
2024-06-28,6633000,873567,190588473,130500,-2300,-1.73,6633000,873567,0.0,622284748.0,32664870.0,2.24,826180.0,108263.0,2761305.0,364069.0,0.0,0.0,0.0,0.0,826180.0,108263.0,2761305.0,364069.0,5541,4.66,21.02,10.5,1798030000000.0,11581548,87243800,150777000,154735700
2024-07-01,6454000,833530,187813621,128600,-1900,-1.46,6376000,822641,1.0,622284748.0,35323162.0,2.42,271708.0,35071.0,2200514.0,283986.0,0.0,0.0,0.0,0.0,271708.0,35071.0,2200514.0,283986.0,5618,5.81,23.23,12.5,1873810000000.0,20390648,152347900,211010300,215201000
2024-07-02,7560001,983351,186937352,128000,-600,-0.47,6720600,873661,0.0,622284748.0,34924968.0,2.39,1855694.0,242009.0,1505200.0,195627.0,839400.0,109691.0,839400.0,109691.0,2695094.0,351700.0,2344600.0,305317.0,5618,5.81,23.23,12.5,1873810000000.0,20390648,152347900,211010300,215201000
2024-07-03,7884101,1038018,191318697,131000,3000,2.34,7634100,1005103,1.0,622284748.0,36418149.0,2.49,1178124.0,155150.0,1267630.0,166899.0,250000.0,32915.0,250000.0,32915.0,1428124.0,188065.0,1517630.0,199814.0,5618,5.81,23.23,12.5,1873810000000.0,20390648,152347900,211010300,215201000
2024-07-04,8117900,1088488,198328847,135800,4800,3.66,8117900,1088488,2.0,622284748.0,37245083.0,2.55,1283580.0,172278.0,1122335.0,149950.0,0.0,0.0,0.0,0.0,1283580.0,172278.0,1122335.0,149950.0,5618,5.81,23.23,12.5,1873810000000.0,20390648,152347900,211010300,215201000
2024-07-05,7809400,1080849,202564147,138700,2900,2.14,7789400,1078089,1.0,622284748.0,37950269.0,2.6,821014.0,113400.0,2777090.0,384391.0,0.0,0.0,0.0,0.0,821014.0,113400.0,2777090.0,384391.0,5618,5.81,23.23,12.5,1873810000000.0,20390648,152347900,211010300,215201000
2024-07-08,6105700,848068,203878550,139600,900,0.65,5865700,814734,2.0,622284748.0,38567480.0,2.64,692419.0,96232.0,2587900.0,359402.0,240000.0,33336.0,240000.0,33336.0,932419.0,129567.0,2827900.0,392737.0,5618,5.81,23.23,12.5,1873810000000.0,20390648,152347900,211010300,215201000
2024-07-09,9696100,1329763,200811609,137500,-2100,-1.5,9676100,1327023,2.0,622284748.0,39710815.0,2.72,1060600.0,145458.0,6018900.0,825456.0,0.0,0.0,0.0,0.0,1060600.0,145458.0,6018900.0,825456.0,5618,5.81,23.23,12.5,1873810000000.0,20390648,152347900,211010300,215201000
2024-07-10,6337700,859025,195700041,134000,-3500,-2.55,6294700,853168,0.0,622284748.0,41448078.0,2.84,386200.0,52405.0,2911500.0,395219.0,0.0,0.0,0.0,0.0,386200.0,52405.0,2911500.0,395219.0,5618,5.81,23.23,12.5,1873810000000.0,20390648,152347900,211010300,215201000
2024-07-11,6882100,919164,194239593,133000,-1000,-0.75,6842100,913790,1.0,622284748.0,43649442.0,2.99,1003900.0,134242.0,3980000.0,531602.0,0.0,0.0,0.0,0.0,1003900.0,134242.0,3980000.0,531602.0,5618,5.81,23.23,12.5,1873810000000.0,20390648,152347900,211010300,215201000
2024-07-12,3590000,480953,195407951,133800,800,0.6,3553400,476050,2.0,622284748.0,48706339.0,3.34,559400.0,74768.0,920000.0,123197.0,36600.0,4903.0,36600.0,4903.0,596000.0,79671.0,956600.0,128101.0,5618,5.81,23.23,12.5,1873810000000.0,20390648,152347900,211010300,215201000
2024-07-15,3067200,408778,193801458,132700,-1100,-0.82,3067200,408778,0.0,622284748.0,51058320.0,3.5,868300.0,115500.0,1002200.0,133642.0,0.0,0.0,0.0,0.0,868300.0,115500.0,1002200.0,133642.0,5618,5.81,23.23,12.5,1873810000000.0,20390648,152347900,211010300,215201000
2024-07-16,4322200,576151,195700041,134000,1300,0.98,4002300,533549,2.0,622284748.0,54211887.0,3.71,1625500.0,216556.0,1165500.0,155293.0,349900.0,46604.0,349900.0,46604.0,1975400.0,263160.0,1515400.0,201898.0,5618,5.81,23.23,12.5,1873810000000.0,20390648,152347900,211010300,215201000
2024-07-17,6970100,921795,192633100,131900,-2100,-1.57,6970100,921795,0.0,715619552.0,55004105.0,3.77,2234900.0,294587.0,1002800.0,133060.0,0.0,0.0,0.0,0.0,2234900.0,294587.0,1002800.0,133060.0,5618,5.81,23.23,12.5,1873810000000.0,20390648,152347900,211010300,215201000
2024-07-18,10825201,1395242,186791308,127900,-4000,-3.03,10800200,1391942,2.0,715619552.0,53771380.0,3.68,1061600.0,136943.0,3792600.0,488940.0,0.0,0.0,0.0,0.0,1061600.0,136943.0,3792600.0,488940.0,5618,5.81,23.23,12.5,1873810000000.0,20390648,152347900,211010300,215201000
2024-07-19,6576700,836050,184016456,126000,-1900,-1.49,6551700,832650,0.0,715619552.0,53875211.0,3.69,428100.0,54170.0,2220900.0,282318.0,0.0,0.0,0.0,0.0,428100.0,54170.0,2220900.0,282318.0,5618,5.81,23.23,12.5,1873810000000.0,20390648,152347900,211010300,215201000
2024-07-22,6216900,772289,181241605,124100,-1900,-1.51,6216900,772289,2.0,715619552.0,54449861.0,3.73,1989600.0,246999.0,1492400.0,185691.0,0.0,0.0,0.0,0.0,1989600.0,246999.0,1492400.0,185691.0,5618,5.81,23.23,12.5,1873810000000.0,20390648,152347900,211010300,215201000
2024-07-23,5411600,684282,183286232,125500,1400,1.13,5311600,672732,1.0,715619552.0,56263395.0,3.85,1080800.0,137041.0,1069400.0,135678.0,0.0,0.0,0.0,0.0,1080800.0,137041.0,1069400.0,135678.0,5618,5.81,23.23,12.5,1873810000000.0,20390648,152347900,211010300,215201000
2024-07-24,4171700,523540,184016456,126000,500,0.4,4151700,520860,1.0,715619552.0,57412334.0,3.93,851500.0,106816.0,1468400.0,184199.0,20000.0,2680.0,0.0,0.0,871500.0,109496.0,1468400.0,184199.0,5618,5.81,23.23,12.5,1873810000000.0,20390648,152347900,211010300,215201000
2024-07-25,3248401,405880,182556008,125000,-1000,-0.79,2563400,319819,0.0,715619552.0,58033170.0,3.97,798400.0,99653.0,601200.0,74952.0,620000.0,77354.0,620000.0,77354.0,1418400.0,177006.0,1221200.0,152306.0,5618,5.81,23.23,12.5,1873810000000.0,20390648,152347900,211010300,215201000
2024-07-26,6683700,826250,186937352,128000,3000,2.4,3951100,497176,0.0,715619552.0,58400204.0,4.0,1264600.0,159135.0,906000.0,113561.0,1182600.0,148810.0,1182600.0,148810.0,2447200.0,307945.0,2088600.0,262371.0,5618,5.81,23.23,12.5,1873810000000.0,20390648,152347900,211010300,215201000
2024-07-29,5009800,651610,188397801,129000,1000,0.78,4859800,631075,1.0,715619552.0,58619990.0,4.01,2038800.0,264706.0,1635600.0,212329.0,0.0,0.0,0.0,0.0,2038800.0,264706.0,1635600.0,212329.0,5618,5.81,23.23,12.5,1873810000000.0,20390648,152347900,211010300,215201000
2024-07-30,2423800,309900,186937352,128000,-1000,-0.78,2373800,303850,0.0,715619552.0,57192297.0,3.92,2038800.0,264706.0,1635600.0,212329.0,0.0,0.0,0.0,0.0,2038800.0,264706.0,1635600.0,212329.0,5618,5.81,23.23,12.5,1873810000000.0,20390648,152347900,211010300,215201000
2024-07-31,3094200,395468,187813621,128600,600,0.47,2869200,366616,0.0,715619552.0,57363527.0,3.93,1427700.0,182700.0,757000.0,96682.0,225000.0,28853.0,225000.0,28853.0,1652700.0,211553.0,982000.0,125536.0,5618,5.81,23.23,12.5,1873810000000.0,20390648,152347900,211010300,215201000
2024-08-01,6870301,866879,182263919,124800,-3800,-2.95,6870300,866879,0.0,715619552.0,57595364.0,3.94,759000.0,95998.0,2042700.0,259170.0,0.0,0.0,0.0,0.0,759000.0,95998.0,2042700.0,259170.0,5618,5.81,23.23,12.5,1873810000000.0,17425878,132559000,161618900,173092300
2024-08-02,10157200,1246526,179927202,123200,-1600,-1.28,9944700,1221179,2.0,715619552.0,57520250.0,3.94,1436700.0,176667.0,1182000.0,144961.0,0.0,0.0,0.0,0.0,1436700.0,176667.0,1182000.0,144961.0,5618,5.81,23.23,12.5,1873810000000.0,17425878,132559000,161618900,173092300
2024-08-05,10415200,1254100,173209141,118600,-4600,-3.73,10415200,1254100,0.0,715619552.0,56840449.0,3.89,2134200.0,256997.0,2872000.0,345909.0,0.0,0.0,0.0,0.0,2134200.0,256997.0,2872000.0,345909.0,5618,5.81,23.23,12.5,1873810000000.0,17425878,132559000,161618900,173092300
2024-08-06,7021850,847027,176422126,120800,2200,1.85,6728100,812059,1.0,715619552.0,56748548.0,3.89,1439000.0,173728.0,2355700.0,284202.0,209100.0,25238.0,239100.0,28942.0,1648100.0,198965.0,2594800.0,313143.0,5618,5.81,23.23,12.5,1873810000000.0,17425878,132559000,161618900,173092300
2024-08-07,2822800,341315,178174664,122000,1200,0.99,2822800,341315,1.0,715619552.0,56489876.0,3.87,1007600.0,122055.0,704900.0,85090.0,0.0,0.0,0.0,0.0,1007600.0,122055.0,704900.0,85090.0,5618,5.81,23.23,12.5,1873810000000.0,17425878,132559000,161618900,173092300
2024-08-08,3231431,393129,177298395,121400,-600,-0.49,2654900,322995,0.0,715619552.0,58355130.0,4.0,919200.0,111772.0,897000.0,109211.0,576531.0,70134.0,576531.0,70134.0,1495731.0,181905.0,1473531.0,179345.0,5618,5.81,23.23,12.5,1873810000000.0,17425878,132559000,161618900,173092300
2024-08-09,6011400,748943,185330860,126900,5500,4.53,5496400,684744,1.0,715619552.0,59821871.0,4.1,2076800.0,258798.0,800800.0,99297.0,515000.0,64201.0,515000.0,64201.0,2591800.0,322999.0,1315800.0,163498.0,5618,5.81,23.23,12.5,1873810000000.0,17425878,132559000,161618900,173092300
2024-08-12,6775001,872913,189858249,130000,3100,2.44,6183500,797496,2.0,715619552.0,58327789.0,3.99,2168400.0,279329.0,1000800.0,129091.0,500000.0,64608.0,500000.0,64608.0,2668400.0,343937.0,1500800.0,193699.0,5618,5.81,23.23,12.5,1873810000000.0,17425878,132559000,161618900,173092300
2024-08-13,4362901,563715,189420114,129700,-300,-0.23,4097900,529462,1.0,715619552.0,57000310.0,3.9,1515700.0,195960.0,891400.0,115049.0,187000.0,24155.0,217000.0,28013.0,1702700.0,220115.0,1108400.0,143063.0,5618,5.81,23.23,12.5,1873810000000.0,17425878,132559000,161618900,173092300
2024-08-14,3822200,489612,189128025,129500,-200,-0.15,2862200,372246,2.0,715619552.0,56285627.0,3.85,952100.0,123682.0,579300.0,75268.0,150000.0,19486.0,170000.0,22015.0,1102100.0,143169.0,749300.0,97283.0,5618,5.81,23.23,12.5,1873810000000.0,17425878,132559000,161618900,173092300
2024-08-15,2305600,296851,187959666,128700,-800,-0.62,2257600,290611,1.0,715619552.0,56334130.0,3.86,817300.0,105192.0,201700.0,25989.0,0.0,0.0,0.0,0.0,817300.0,105192.0,201700.0,25989.0,5618,5.81,23.23,12.5,1873810000000.0,17425878,132559000,161618900,173092300
2024-08-16,5486600,714680,190734517,130600,1900,1.48,5093600,663590,2.0,715619552.0,56449371.0,3.87,847300.0,110389.0,646700.0,84092.0,0.0,0.0,0.0,0.0,847300.0,110389.0,646700.0,84092.0,5618,5.81,23.23,12.5,1873810000000.0,17425878,132559000,161618900,173092300
2024-08-19,2554862,333416,190588473,130500,-100,-0.08,2498400,326051,2.0,715619552.0,56201318.0,3.85,267800.0,34937.0,505700.0,65959.0,36400.0,4745.0,36400.0,4745.0,304200.0,39683.0,542100.0,70705.0,5618,5.81,23.23,12.5,1873810000000.0,17425878,132559000,161618900,173092300
2024-08-20,3984400,523952,192048921,131500,1000,0.77,3741400,492119,2.0,715619552.0,56135326.0,3.84,1186400.0,155996.0,211500.0,27852.0,0.0,0.0,0.0,0.0,1186400.0,155996.0,211500.0,27852.0,5618,5.81,23.23,12.5,1873810000000.0,17425878,132559000,161618900,173092300
2024-08-21,6471900,855021,194969817,133500,2000,1.52,6119700,808777,0.0,715619552.0,55595653.0,3.81,2677900.0,353955.0,606900.0,80108.0,0.0,0.0,0.0,0.0,2677900.0,353955.0,606900.0,80108.0,5618,5.81,23.23,12.5,1873810000000.0,17425878,132559000,161618900,173092300
2024-08-22,3560500,477023,195407951,133800,300,0.22,3020500,404697,1.0,715619552.0,52068658.0,3.57,1354720.0,181445.0,321675.0,43100.0,500000.0,66992.0,500000.0,66992.0,1854720.0,248436.0,821675.0,110091.0,5618,5.81,23.23,12.5,1873810000000.0,17425878,132559000,161618900,173092300
2024-08-23,3325001,442160,194385638,133100,-700,-0.52,3055000,406247,1.0,715619552.0,50776306.0,3.48,1496170.0,198989.0,576595.0,76670.0,270000.0,35914.0,270000.0,35914.0,1766170.0,234903.0,846595.0,112584.0,5618,5.81,23.23,12.5,1873810000000.0,17425878,132559000,161618900,173092300
2024-08-26,2758200,364394,192048921,131500,-1600,-1.2,2590300,342213,2.0,715619552.0,50849358.0,3.48,534200.0,70572.0,116300.0,15414.0,167900.0,22182.0,167900.0,22182.0,702100.0,92754.0,284200.0,37596.0,5618,5.81,23.23,12.5,1873810000000.0,17425878,132559000,161618900,173092300
2024-08-27,2989900,393505,193509369,132500,1000,0.76,2338500,308172,1.0,715619552.0,50155428.0,3.43,1015605.0,133869.0,92548.0,12193.0,0.0,0.0,0.0,0.0,1015605.0,133869.0,92548.0,12193.0,5618,5.81,23.23,12.5,1873810000000.0,17425878,132559000,161618900,173092300
2024-08-28,2909701,388745,194677727,133300,800,0.6,2711500,362337,0.0,715619552.0,49464468.0,3.39,1267555.0,169377.0,227238.0,30368.0,198200.0,26409.0,198200.0,26409.0,1465755.0,195786.0,425438.0,56777.0,5618,5.81,23.23,12.5,1873810000000.0,17425878,132559000,161618900,173092300
2024-08-29,2637701,351244,195261906,133700,400,0.3,2092700,278675,0.0,715619552.0,49580768.0,3.39,1082100.0,144145.0,238200.0,31696.0,525000.0,69912.0,525000.0,69912.0,1607100.0,214057.0,763200.0,101607.0,5618,5.81,23.23,12.5,1873810000000.0,17425878,132559000,161618900,173092300
2024-08-30,3379800,454881,196868399,134800,1100,0.82,3315800,446145,2.0,715619552.0,47169389.0,3.23,1422600.0,191350.0,24500.0,3293.0,0.0,0.0,0.0,0.0,1422600.0,191350.0,24500.0,3293.0,5618,5.81,23.23,12.5,1873810000000.0,17425878,132559000,161618900,173092300
2024-09-04,4735200,626701,194239593,133000,-1800,-1.34,4535200,600247,2.0,715619552.0,47396627.0,3.25,1154600.0,153096.0,1762600.0,233163.0,400000.0,52911.0,400000.0,52911.0,1554600.0,206007.0,2162600.0,286074.0,5618,5.81,23.23,12.5,1873810000000.0,12332109,96911000,135081700,119291500
2024-09-05,8055600,1051193,190734517,130600,-2400,-1.8,8055600,1051193,1.0,715619552.0,46480237.0,3.18,1836700.0,239256.0,3917600.0,511464.0,0.0,0.0,0.0,0.0,1836700.0,239256.0,3917600.0,511464.0,5618,5.81,23.23,12.5,1873810000000.0,12332109,96911000,135081700,119291500
2024-09-06,4251400,560476,192925190,132100,1500,1.15,3821400,503724,1.0,715619552.0,44667914.0,3.06,2215700.0,292082.0,672000.0,88493.0,400000.0,52793.0,430000.0,56753.0,2615700.0,344875.0,1102000.0,145247.0,5618,5.81,23.23,12.5,1873810000000.0,12332109,96911000,135081700,119291500
2024-09-09,2885201,377085,191756831,131300,-800,-0.61,2885200,377085,0.0,715619552.0,44214926.0,3.03,606000.0,79334.0,1439600.0,188125.0,0.0,0.0,0.0,0.0,606000.0,79334.0,1439600.0,188125.0,5618,5.81,23.23,12.5,1873810000000.0,12332109,96911000,135081700,119291500
2024-09-10,4195101,546653,189858249,130000,-1300,-0.99,4195100,546653,1.0,715619552.0,46293277.0,3.17,1235382.0,160995.0,2037939.0,265692.0,0.0,0.0,0.0,0.0,1235382.0,160995.0,2037939.0,265692.0,5618,5.81,23.23,12.5,1873810000000.0,12332109,96911000,135081700,119291500
2024-09-11,3590400,468331,190734517,130600,600,0.46,3190400,416155,2.0,715619552.0,44991604.0,3.08,1949700.0,254325.0,879040.0,114476.0,400000.0,52176.0,400000.0,52176.0,2349700.0,306501.0,1279040.0,166652.0,5618,5.81,23.23,12.5,1873810000000.0,12332109,96911000,135081700,119291500
2024-09-12,4368000,576317,193217279,132300,1700,1.3,4118000,543297,1.0,715619552.0,44236758.0,3.03,2194446.0,289430.0,1311030.0,172728.0,250000.0,33020.0,250000.0,33020.0,2444446.0,322450.0,1561030.0,205748.0,5618,5.81,23.23,12.5,1873810000000.0,12332109,96911000,135081700,119291500
2024-09-13,3935700,523101,194239593,133000,700,0.53,3186800,423783,0.0,715619552.0,44585697.0,3.05,1695000.0,225442.0,167400.0,22241.0,627900.0,83498.0,687900.0,91424.0,2322900.0,308940.0,855300.0,113666.0,5618,5.81,23.23,12.5,1873810000000.0,12332109,96911000,135081700,119291500
2024-09-16,2295700,302263,191464741,131100,-1900,-1.43,1915700,252145,1.0,715619552.0,44837442.0,3.07,531295.0,69888.0,207300.0,27306.0,380000.0,50118.0,300000.0,39486.0,911295.0,120006.0,507300.0,66792.0,5618,5.81,23.23,12.5,1873810000000.0,12332109,96911000,135081700,119291500
2024-09-17,3621400,482742,194093548,132900,1800,1.37,2651400,350670,1.0,715619552.0,44293152.0,3.03,1855320.0,245342.0,409400.0,54184.0,0.0,0.0,20000.0,2572.0,1855320.0,245342.0,429400.0,56756.0,5618,5.81,23.23,12.5,1873810000000.0,12332109,96911000,135081700,119291500
2024-09-18,5449600,731997,196576310,134600,1700,1.28,5379600,722775,2.0,715619552.0,42427346.0,2.91,2093206.0,280901.0,1244625.0,167112.0,0.0,0.0,70000.0,9222.0,2093206.0,280901.0,1314625.0,176334.0,5618,5.81,23.23,12.5,1873810000000.0,12332109,96911000,135081700,119291500
2024-09-19,5154300,695884,197452579,135200,600,0.45,5154300,695884,1.0,715619552.0,40738683.0,2.79,1895963.0,255777.0,1633745.0,220341.0,0.0,0.0,0.0,0.0,1895963.0,255777.0,1633745.0,220341.0,5618,5.81,23.23,12.5,1873810000000.0,12332109,96911000,135081700,119291500
2024-09-20,3719700,506352,197598623,135300,100,0.07,3719700,506352,0.0,715619552.0,39984382.0,2.74,1183201.0,160994.0,1318487.0,179378.0,0.0,0.0,0.0,0.0,1183201.0,160994.0,1318487.0,179378.0,5618,5.81,23.23,12.5,1873810000000.0,12332109,96911000,135081700,119291500
2024-09-23,3482200,462669,195700041,134000,-1300,-0.96,2441200,327877,0.0,715619552.0,40619322.0,2.78,715685.0,96269.0,666100.0,89470.0,440000.0,59009.0,440000.0,59009.0,1155685.0,155278.0,1106100.0,148478.0,5618,5.81,23.23,12.5,1873810000000.0,12332109,96911000,135081700,119291500
2024-09-24,2755516,367917,196430265,134500,500,0.37,2011400,269631,1.0,715619552.0,41595917.0,2.85,657150.0,88097.0,528218.0,70771.0,530000.0,71050.0,560000.0,74929.0,1187150.0,159147.0,1088218.0,145700.0,5618,5.81,23.23,12.5,1873810000000.0,12332109,96911000,135081700,119291500
2024-09-25,4679900,628229,196868399,134800,300,0.22,4479900,601385,1.0,715619552.0,40757401.0,2.79,2157003.0,289628.0,1824696.0,244890.0,200000.0,26845.0,200000.0,26845.0,2357003.0,316473.0,2024696.0,271735.0,5618,5.81,23.23,12.5,1873810000000.0,12332109,96911000,135081700,119291500
2024-09-26,3080600,413686,196138175,134300,-500,-0.37,2815600,378102,1.0,715619552.0,40552917.0,2.78,900584.0,120920.0,896449.0,120341.0,265000.0,35585.0,265000.0,35585.0,1165584.0,156505.0,1161449.0,155926.0,5618,5.81,23.23,12.5,1873810000000.0,12332109,96911000,135081700,119291500
2024-09-27,3552800,475614,195992130,134200,-100,-0.07,3352800,448848,1.0,715619552.0,39232820.0,2.69,1880715.0,251811.0,1112286.0,148881.0,200000.0,26767.0,200000.0,26767.0,2080715.0,278579.0,1312286.0,175649.0,5618,5.81,23.23,12.5,1873810000000.0,12332109,96911000,135081700,119291500
2024-09-30,3278500,438011,196430265,134500,300,0.22,3030500,404863,1.0,715619552.0,39274758.0,2.69,1788758.0,239009.0,1455825.0,194202.0,248000.0,33148.0,248000.0,33148.0,2036758.0,272157.0,1703825.0,227350.0,5618,5.81,23.23,12.5,1873810000000.0,12332109,96911000,135081700,119291500
2024-10-01,6887000,936206,198474892,135900,1400,1.04,4725900,642311,2.0,715619552.0,37495846.0,2.57,2675361.0,363605.0,255201.0,34650.0,161100.0,21896.0,161100.0,21896.0,2836461.0,385501.0,416301.0,56545.0,5652,5.55,23.8,12.35,2088850000000.0,9420669,70939800,122299500,110238700
2024-10-02,2369200,320553,197744668,135400,-500,-0.37,1719800,232879,2.0,715619552.0,37594785.0,2.57,1013347.0,137232.0,130300.0,17638.0,177000.0,23984.0,567100.0,76812.0,1190347.0,161216.0,697400.0,94450.0,5652,5.55,23.8,12.35,2088850000000.0,9420669,70939800,122299500,110238700
2024-10-03,3631801,491217,195700041,134000,-1400,-1.03,2300800,311077,2.0,715619552.0,38888592.0,2.66,162018.0,21946.0,578250.0,78248.0,0.0,0.0,0.0,0.0,162018.0,21946.0,578250.0,78248.0,5652,5.55,23.8,12.35,2088850000000.0,9420669,70939800,122299500,110238700
2024-10-04,1468400,196794,195846086,134100,100,0.07,1468400,196794,2.0,715619552.0,38953219.0,2.67,190574.0,25528.0,228130.0,30542.0,0.0,0.0,0.0,0.0,190574.0,25528.0,228130.0,30542.0,5652,5.55,23.8,12.35,2088850000000.0,9420669,70939800,122299500,110238700
2024-10-07,1901501,254742,195846086,134100,0,0.0,1330500,178342,1.0,715619552.0,39329732.0,2.69,143887.0,19292.0,326500.0,43759.0,0.0,0.0,0.0,0.0,143887.0,19292.0,326500.0,43759.0,5652,5.55,23.8,12.35,2088850000000.0,9420669,70939800,122299500,110238700
2024-10-08,2108601,282819,195407951,133800,-300,-0.22,2108600,282819,2.0,715619552.0,39568205.0,2.71,339777.0,45539.0,740761.0,99312.0,0.0,0.0,0.0,0.0,339777.0,45539.0,740761.0,99312.0,5652,5.55,23.8,12.35,2088850000000.0,9420669,70939800,122299500,110238700
2024-10-09,2819900,381343,197744668,135400,1600,1.2,2619900,354277,1.0,715619552.0,38954185.0,2.67,842150.0,113874.0,307600.0,41578.0,200000.0,27068.0,200000.0,27068.0,1042150.0,140941.0,507600.0,68646.0,5652,5.55,23.8,12.35,2088850000000.0,9420669,70939800,122299500,110238700
2024-10-10,10102200,1412918,206945491,141700,6300,4.65,9952200,1392002,2.0,715619552.0,36402984.0,2.49,2857701.0,399426.0,549300.0,77167.0,20000.0,2788.0,100000.0,14019.0,2877701.0,402214.0,649300.0,91186.0,5652,5.55,23.8,12.35,2088850000000.0,9420669,70939800,122299500,110238700
2024-10-11,3863600,543221,203878550,139600,-2100,-1.48,3813600,536152,1.0,715619552.0,36397694.0,2.49,709051.0,99696.0,1384100.0,194429.0,50000.0,7069.0,50000.0,7069.0,759051.0,106765.0,1434100.0,201498.0,5652,5.55,23.8,12.35,2088850000000.0,9420669,70939800,122299500,110238700
2024-10-14,5635300,781315,200957654,137600,-2000,-1.43,5605300,777265,0.0,715619552.0,40112527.0,2.75,948066.0,131452.0,2211400.0,307226.0,0.0,0.0,30000.0,4050.0,948066.0,131452.0,2241400.0,311276.0,5652,5.55,23.8,12.35,2088850000000.0,9420669,70939800,122299500,110238700
2024-10-15,2910800,400187,201536478,137000,-600,-0.44,2860800,392997,1.0,715619552.0,36206008.0,2.46,220520.0,30269.0,1079120.0,148270.0,0.0,0.0,0.0,0.0,220520.0,30269.0,1079120.0,148270.0,5652,5.55,23.8,12.35,2088850000000.0,9420669,70939800,122299500,110238700
2024-10-16,2796001,381672,200506730,136300,-700,-0.51,2756000,376146,2.0,715619552.0,37467357.0,2.55,102751.0,14009.0,615129.0,83966.0,20000.0,2826.0,20000.0,2700.0,122751.0,16835.0,635129.0,86666.0,5652,5.55,23.8,12.35,2088850000000.0,9420669,70939800,122299500,110238700
2024-10-17,3769200,518205,201536478,137000,700,0.51,2579200,351605,2.0,715619552.0,39708757.0,2.7,675200.0,91963.0,821300.0,112037.0,0.0,0.0,0.0,0.0,675200.0,91963.0,821300.0,112037.0,5652,5.55,23.8,12.35,2088850000000.0,9420669,70939800,122299500,110238700
2024-10-18,2169401,297523,201536478,137000,0,0.0,2169400,297523,0.0,715619552.0,39343287.0,2.67,769240.0,105434.0,609138.0,83506.0,0.0,0.0,0.0,0.0,769240.0,105434.0,609138.0,83506.0,5652,5.55,23.8,12.35,2088850000000.0,9420669,70939800,122299500,110238700
2024-10-21,2861300,390792,199329874,135500,-1500,-1.09,2681300,366269,1.0,715619552.0,39304816.0,2.67,673600.0,92306.0,1139170.0,155568.0,180000.0,24524.0,180000.0,24524.0,853600.0,116830.0,1319170.0,180092.0,5652,5.55,23.8,12.35,2088850000000.0,9420669,70939800,122299500,110238700
2024-10-22,6174500,828775,195799308,133100,-2400,-1.77,6009200,806437,2.0,715619552.0,39269295.0,2.67,856896.0,115352.0,930841.0,125142.0,65300.0,8738.0,65300.0,8738.0,922196.0,124090.0,996141.0,133880.0,5652,5.55,23.8,12.35,2088850000000.0,9420669,70939800,122299500,110238700
2024-10-23,3015101,403480,197417484,134200,1100,0.83,3015100,403480,0.0,715619552.0,39198655.0,2.66,679778.0,91012.0,399648.0,53435.0,0.0,0.0,0.0,0.0,679778.0,91012.0,399648.0,53435.0,5652,5.55,23.8,12.35,2088850000000.0,9420669,70939800,122299500,110238700
2024-10-24,2277201,305372,197564591,134300,100,0.07,2277200,305372,1.0,715619552.0,39250210.0,2.67,1087615.0,145790.0,564800.0,75634.0,0.0,0.0,0.0,0.0,1087615.0,145790.0,564800.0,75634.0,5652,5.55,23.8,12.35,2088850000000.0,9420669,70939800,122299500,110238700
2024-10-25,1839000,246286,197123271,134000,-300,-0.22,1839000,246286,1.0,715619552.0,39664051.0,2.7,517000.0,69219.0,482354.0,64547.0,0.0,0.0,0.0,0.0,517000.0,69219.0,482354.0,64547.0,5652,5.55,23.8,12.35,2088850000000.0,9420669,70939800,122299500,110238700
2024-10-28,1506001,202644,198447233,134900,900,0.67,1506000,202644,2.0,715619552.0,39659396.0,2.7,404303.0,54395.0,34300.0,4601.0,0.0,0.0,0.0,0.0,404303.0,54395.0,34300.0,4601.0,5652,5.55,23.8,12.35,2088850000000.0,9420669,70939800,122299500,110238700
2024-10-29,2649200,357688,199182767,135400,500,0.37,2459200,332036,2.0,715619552.0,39337886.0,2.67,887810.0,119864.0,988119.0,133370.0,190000.0,25654.0,190000.0,25654.0,1077810.0,145518.0,1178119.0,159024.0,5652,5.55,23.8,12.35,2088850000000.0,9420669,70939800,122299500,110238700
2024-10-30,2059800,279238,199918302,135900,500,0.37,1709800,231778,0.0,715619552.0,38791073.0,2.64,1029167.0,139445.0,225717.0,30577.0,350000.0,47461.0,350000.0,47461.0,1379167.0,186906.0,575717.0,78038.0,5652,5.55,23.8,12.35,2088850000000.0,9420669,70939800,122299500,110238700
2024-10-31,1341700,182016,199918302,135900,0,0.0,1241700,168453,2.0,715619552.0,38390253.0,2.61,435120.0,59014.0,472700.0,64099.0,100000.0,13563.0,100000.0,13563.0,535120.0,72577.0,572700.0,77662.0,5652,5.55,23.8,12.35,2088850000000.0,9420669,70939800,122299500,110238700
2024-11-01,2667500,358246,198005912,134600,-1300,-0.96,2667500,358246,2.0,715619552.0,38784259.0,2.64,594113.0,79874.0,973225.0,130734.0,0.0,0.0,0.0,0.0,594113.0,79874.0,973225.0,130734.0,5652,5.55,23.8,12.35,2088850000000.0,9384944,68748900,120487000,117352300
2024-11-04,3757900,501176,195357988,132800,-1800,-1.34,3182900,424072,1.0,715619552.0,38324966.0,2.61,685010.0,91260.0,1443815.0,192329.0,188000.0,25015.0,188000.0,25015.0,873010.0,116275.0,1631815.0,217345.0,5652,5.55,23.8,12.35,2088850000000.0,9384944,68748900,120487000,117352300
2024-11-05,2741100,366993,195063774,132600,-200,-0.15,1657100,220031,1.0,715619552.0,38623356.0,2.63,174310.0,23151.0,601011.0,79777.0,93000.0,12377.0,224000.0,30038.0,267310.0,35527.0,825011.0,109814.0,5652,5.55,23.8,12.35,2088850000000.0,9384944,68748900,120487000,117352300
2024-11-06,1801500,241407,198005912,134600,2000,1.51,1801500,241407,1.0,715619552.0,39314481.0,2.67,282100.0,37792.0,350200.0,46916.0,0.0,0.0,0.0,0.0,282100.0,37792.0,350200.0,46916.0,5652,5.55,23.8,12.35,2088850000000.0,9384944,68748900,120487000,117352300
2024-11-07,4526500,614647,198741447,135100,500,0.37,3570500,484914,1.0,715619552.0,40299796.0,2.74,458500.0,62105.0,276710.0,37518.0,0.0,0.0,0.0,0.0,458500.0,62105.0,276710.0,37518.0,5652,5.55,23.8,12.35,2088850000000.0,9384944,68748900,120487000,117352300
2024-11-08,2106300,286090,199771195,135800,700,0.52,2106300,286090,1.0,715619552.0,40747528.0,2.77,284279.0,38585.0,140213.0,19013.0,0.0,0.0,0.0,0.0,284279.0,38585.0,140213.0,19013.0,5652,5.55,23.8,12.35,2088850000000.0,9384944,68748900,120487000,117352300
2024-11-11,5292000,728542,203448868,138300,2500,1.84,5292000,728542,2.0,715619552.0,40753943.0,2.77,343785.0,47299.0,308550.0,42380.0,0.0,0.0,0.0,0.0,343785.0,47299.0,308550.0,42380.0,5652,5.55,23.8,12.35,2088850000000.0,9384944,68748900,120487000,117352300
2024-11-12,2964700,405661,201242264,136800,-1500,-1.08,2914700,398840,0.0,715619552.0,40604167.0,2.76,426486.0,58390.0,763970.0,104380.0,50000.0,6821.0,50000.0,6821.0,476486.0,65211.0,813970.0,111201.0,5652,5.55,23.8,12.35,2088850000000.0,9384944,68748900,120487000,117352300
2024-11-13,3625400,497656,202713333,137800,1000,0.73,3455400,474344,2.0,715619552.0,39940773.0,2.72,803607.0,110301.0,1010800.0,138604.0,170000.0,23312.0,170000.0,23312.0,973607.0,133613.0,1180800.0,161916.0,5652,5.55,23.8,12.35,2088850000000.0,9384944,68748900,120487000,117352300
2024-11-14,4911301,676812,200065409,136000,-1800,-1.31,4736300,652751,1.0,715619552.0,39916513.0,2.71,332810.0,45898.0,1784007.0,245770.0,155000.0,21271.0,155000.0,21271.0,487810.0,67169.0,1939007.0,267041.0,5652,5.55,23.8,12.35,2088850000000.0,9384944,68748900,120487000,117352300
2024-11-15,6563600,878197,196976164,133900,-2100,-1.54,6563600,878197,0.0,715619552.0,40154479.0,2.73,523004.0,69859.0,3049097.0,408113.0,0.0,0.0,0.0,0.0,523004.0,69859.0,3049097.0,408113.0,5652,5.55,23.8,12.35,2088850000000.0,9384944,68748900,120487000,117352300
2024-11-18,3993401,533015,197123271,134000,100,0.07,3903400,520995,1.0,715619552.0,40112708.0,2.73,1032571.0,137839.0,1244275.0,166004.0,90000.0,12020.0,90000.0,12020.0,1122571.0,149860.0,1334275.0,178024.0,5652,5.55,23.8,12.35,2088850000000.0,9384944,68748900,120487000,117352300
2024-11-19,9152800,1211171,191238994,130000,-4000,-2.99,7642800,1000801,0.0,715619552.0,40311900.0,2.74,1550815.0,202905.0,3233524.0,424029.0,0.0,0.0,700000.0,99400.0,1550815.0,202905.0,3933524.0,523429.0,5652,5.55,23.8,12.35,2088850000000.0,9384944,68748900,120487000,117352300
2024-11-20,9620300,1247809,194769560,132400,2400,1.85,8460300,1092049,1.0,715619552.0,41378795.0,2.81,1982202.0,260106.0,3984560.0,510836.0,0.0,0.0,0.0,0.0,1982202.0,260106.0,3984560.0,510836.0,5652,5.55,23.8,12.35,2088850000000.0,9384944,68748900,120487000,117352300
2024-11-21,4329001,565732,195652201,133000,600,0.45,3176700,419155,1.0,715619552.0,41246023.0,2.8,643047.0,85038.0,1125832.0,148301.0,1006300.0,127251.0,306300.0,40451.0,1649347.0,212289.0,1432132.0,188752.0,5652,5.55,23.8,12.35,2088850000000.0,9384944,68748900,120487000,117352300
2024-11-22,5575900,755990,196976164,133900,900,0.68,2915900,389768,2.0,720823899.0,49616656.0,3.37,695238.0,92936.0,245643.0,32821.0,0.0,0.0,0.0,0.0,695238.0,92936.0,245643.0,32821.0,5652,5.55,23.8,12.35,2088850000000.0,9384944,68748900,120487000,117352300
2024-11-25,6637700,910555,196976164,133900,0,0.0,1849700,247302,2.0,720823899.0,52787600.0,3.59,779616.0,104248.0,259500.0,34673.0,0.0,0.0,700000.0,99505.0,779616.0,104248.0,959500.0,134178.0,5652,5.55,23.8,12.35,2088850000000.0,9384944,68748900,120487000,117352300
2024-11-26,4501100,607440,198888554,135200,1300,0.97,4176100,562870,2.0,720823899.0,52260516.0,3.55,1580916.0,213138.0,561374.0,75512.0,0.0,0.0,0.0,0.0,1580916.0,213138.0,561374.0,75512.0,5652,5.55,23.8,12.35,2088850000000.0,9384944,68748900,120487000,117352300
2024-11-27,13316300,1835254,204331510,138900,3700,2.74,9814300,1358066,0.0,720823899.0,46583983.0,3.17,5093076.0,704573.0,832973.0,115129.0,950000.0,123620.0,250000.0,34720.0,6043076.0,828193.0,1082973.0,149849.0,5652,5.55,23.8,12.35,2088850000000.0,9384944,68748900,120487000,117352300
2024-11-28,7158700,993870,205067044,139400,500,0.36,4742700,660343,1.0,720823899.0,45243503.0,3.08,2265980.0,315542.0,626102.0,87230.0,0.0,0.0,0.0,0.0,2265980.0,315542.0,626102.0,87230.0,5652,5.55,23.8,12.35,2088850000000.0,9384944,68748900,120487000,117352300
2024-11-29,13487700,1924458,212275283,144300,4900,3.52,11586700,1652176,2.0,720823899.0,42501270.0,2.89,3286607.0,467109.0,1618291.0,230067.0,841000.0,120264.0,841000.0,120264.0,4127607.0,587373.0,2459291.0,350331.0,5652,5.55,23.8,12.35,2088850000000.0,9384944,68748900,120487000,117352300
2024-12-02,7940530,1144117,209186038,142200,-1100,-0.77,6616800,949437,0.0,720823899.0,41635233.0,2.83,1699010.0,243964.0,2842500.0,407694.0,323730.0,46680.0,323730.0,46680.0,2022740.0,290644.0,3166230.0,454374.0,5652,5.55,23.8,12.35,2088850000000.0,13050959,96216400,170419800,160185700
2024-12-03,6971700,1003777,213305032,145000,2800,1.97,5103700,734265,2.0,720823899.0,40933044.0,2.78,1328291.0,191112.0,1715830.0,246740.0,0.0,0.0,0.0,0.0,1328291.0,191112.0,1715830.0,246740.0,5652,5.55,23.8,12.35,2088850000000.0,13050959,96216400,170419800,160185700
2024-12-04,7749101,1128988,211098428,143500,-1500,-1.03,5609100,813743,2.0,720823899.0,41817525.0,2.84,733810.0,106438.0,1659634.0,240640.0,500000.0,72530.0,500000.0,72530.0,1233810.0,178967.0,2159634.0,313170.0,5652,5.55,23.8,12.35,2088850000000.0,13050959,96216400,170419800,160185700
2024-12-05,8805101,1290825,218453774,148500,5000,3.48,4849200,707111,2.0,720823899.0,43212945.0,2.94,1495080.0,218134.0,984777.0,143761.0,585900.0,85521.0,585900.0,85521.0,2080980.0,303655.0,1570677.0,229283.0,5652,5.55,23.8,12.35,2088850000000.0,13050959,96216400,170419800,160185700
2024-12-06,5003200,748645,219924843,149500,1000,0.67,4541200,678952,2.0,720823899.0,43377079.0,2.95,1575696.0,235271.0,2269858.0,338821.0,202000.0,30174.0,202000.0,30174.0,1777696.0,265445.0,2471858.0,368995.0,5652,5.55,23.8,12.35,2088850000000.0,13050959,96216400,170419800,160185700
2024-12-09,5899005,878028,216247170,147000,-2500,-1.67,4539000,667467,2.0,720823899.0,44419920.0,3.02,616793.0,90662.0,2425113.0,356589.0,0.0,0.0,640000.0,101120.0,616793.0,90662.0,3065113.0,457709.0,5652,5.55,23.8,12.35,2088850000000.0,13050959,96216400,170419800,160185700
2024-12-10,4287206,637205,219924843,149500,2500,1.7,3597200,533506,1.0,720823899.0,44137468.0,3.0,1267229.0,187894.0,433115.0,64145.0,0.0,0.0,0.0,0.0,1267229.0,187894.0,433115.0,64145.0,5652,5.55,23.8,12.35,2088850000000.0,13050959,96216400,170419800,160185700
2024-12-11,9266607,1402471,221395912,150500,1000,0.67,4816600,726231,1.0,720823899.0,44530298.0,3.03,1285028.0,193826.0,1361675.0,205209.0,740000.0,104880.0,120000.0,18088.0,2025028.0,298706.0,1481675.0,223297.0,5652,5.55,23.8,12.35,2088850000000.0,13050959,96216400,170419800,160185700
2024-12-12,5657907,854566,220954591,150200,-300,-0.2,4147900,622837,0.0,720823899.0,46414388.0,3.16,1181023.0,177254.0,1953326.0,292865.0,0.0,0.0,60000.0,8928.0,1181023.0,177254.0,2013326.0,301793.0,5652,5.55,23.8,12.35,2088850000000.0,13050959,96216400,170419800,160185700
2024-12-13,4864805,733167,219924843,149500,-700,-0.47,3379800,506936,1.0,720823899.0,44919347.0,3.05,1928156.0,289214.0,1951873.0,292813.0,0.0,0.0,0.0,0.0,1928156.0,289214.0,1951873.0,292813.0,5652,5.55,23.8,12.35,2088850000000.0,13050959,96216400,170419800,160185700
2024-12-16,5671112,856142,220513271,149900,400,0.27,3291100,493650,0.0,720823899.0,44943009.0,3.06,1358013.0,203721.0,1386238.0,207915.0,0.0,0.0,0.0,0.0,1358013.0,203721.0,1386238.0,207915.0,5652,5.55,23.8,12.35,2088850000000.0,13050959,96216400,170419800,160185700
2024-12-17,7296205,1090438,217718239,148000,-1900,-1.27,5947500,885470,2.0,720823899.0,45102247.0,3.07,1902088.0,283677.0,3996276.0,594852.0,300000.0,44565.0,300000.0,44565.0,2202088.0,328242.0,4296276.0,639417.0,5652,5.55,23.8,12.35,2088850000000.0,13050959,96216400,170419800,160185700
2024-12-18,3539440,526858,218747988,148700,700,0.47,2923400,435819,1.0,720823899.0,45612715.0,3.1,1441405.0,214906.0,797890.0,118971.0,0.0,0.0,0.0,0.0,1441405.0,214906.0,797890.0,118971.0,5652,5.55,23.8,12.35,2088850000000.0,13050959,96216400,170419800,160185700
2024-12-19,5825454,864563,217865346,148100,-600,-0.4,4805200,711171,1.0,720823899.0,45076465.0,3.06,1922488.0,284558.0,1183635.0,175151.0,0.0,0.0,0.0,0.0,1922488.0,284558.0,1183635.0,175151.0,5652,5.55,23.8,12.35,2088850000000.0,13050959,96216400,170419800,160185700
2024-12-20,4735902,710815,219924843,149500,1400,0.95,3538900,529889,1.0,720823899.0,46591529.0,3.17,2507812.0,375463.0,1925814.0,288448.0,460000.0,68902.0,460000.0,68902.0,2967812.0,444365.0,2385814.0,357350.0,5652,5.55,23.8,12.35,2088850000000.0,13050959,96216400,170419800,160185700
2024-12-23,4310913,648105,220366164,149800,300,0.2,2514800,375097,0.0,720823899.0,46286637.0,3.15,1086282.0,162070.0,1563724.0,233192.0,456100.0,67989.0,432800.0,64512.0,1542382.0,230060.0,1996524.0,297704.0,5652,5.55,23.8,12.35,2088850000000.0,13050959,96216400,170419800,160185700
2024-12-24,4037903,607236,221248805,150400,600,0.4,2300900,345204,1.0,720823899.0,46495402.0,3.16,974870.0,146254.0,1021564.0,153119.0,1000000.0,150010.0,1000000.0,150010.0,1974870.0,296264.0,2021564.0,303129.0,5652,5.55,23.8,12.35,2088850000000.0,13050959,96216400,170419800,160185700
2024-12-25,4668104,698840,221837233,150800,400,0.27,2513100,378912,2.0,720823899.0,47852405.0,3.25,568811.0,85720.0,653345.0,98478.0,350000.0,52788.0,350000.0,52788.0,918811.0,138508.0,1003345.0,151266.0,5652,5.55,23.8,12.35,2088850000000.0,13050959,96216400,170419800,160185700
2024-12-26,2820057,422649,220366164,149800,-1000,-0.66,2233300,334764,1.0,720823899.0,48738019.0,3.31,678110.0,101719.0,1129891.0,169411.0,710000.0,106346.0,710000.0,106346.0,1388110.0,208065.0,1839891.0,275757.0,5652,5.55,23.8,12.35,2088850000000.0,13050959,96216400,170419800,160185700
2024-12-27,4611705,690788,220071950,149600,-200,-0.13,2561700,382262,2.0,720823899.0,49825583.0,3.39,787500.0,117497.0,298700.0,44569.0,0.0,0.0,0.0,0.0,787500.0,117497.0,298700.0,44569.0,5652,5.55,23.8,12.35,2088850000000.0,13050959,96216400,170419800,160185700
2024-12-30,3458409,519810,221395912,150500,900,0.6,1982400,296877,2.0,720823899.0,49657280.0,3.38,450500.0,67515.0,465700.0,69719.0,0.0,0.0,0.0,0.0,450500.0,67515.0,465700.0,69719.0,5652,5.55,23.8,12.35,2088850000000.0,13050959,96216400,170419800,160185700
2024-12-31,4803202,732417,224338050,152500,2000,1.33,3603200,548817,1.0,720823899.0,50107651.0,3.41,211700.0,32249.0,402000.0,61222.0,0.0,0.0,0.0,0.0,211700.0,32249.0,402000.0,61222.0,5652,5.55,23.8,12.35,2088850000000.0,13050959,96216400,170419800,160185700
2025-01-02,6190801,930773,223602516,152000,-500,-0.33,3172800,479017,0.0,720823899.0,50406417.0,3.43,349600.0,52890.0,1822800.0,274906.0,0.0,0.0,0.0,0.0,349600.0,52890.0,1822800.0,274906.0,5697,6.27,26.77,12.74,2086990000000.0,12658417,85416000,142458200,142597200
2025-01-03,6446104,968671,219189308,149000,-3000,-1.97,4336100,651136,0.0,720823899.0,49583462.0,3.37,939000.0,141019.0,2477200.0,372272.0,60000.0,9010.0,60000.0,9010.0,999000.0,150029.0,2537200.0,381282.0,5697,6.27,26.77,12.74,2086990000000.0,12658417,85416000,142458200,142597200
2025-01-06,3467104,517719,219630629,149300,300,0.2,3467100,517718,2.0,720823899.0,49985687.0,3.4,1241900.0,185479.0,1398100.0,208798.0,0.0,0.0,0.0,0.0,1241900.0,185479.0,1398100.0,208798.0,5697,6.27,26.77,12.74,2086990000000.0,12658417,85416000,142458200,142597200
2025-01-07,4053304,610786,220807484,150100,800,0.54,3453300,519867,1.0,720823899.0,50581138.0,3.44,1664600.0,250631.0,1008100.0,151800.0,200000.0,30119.0,200000.0,30119.0,1864600.0,280750.0,1208100.0,181919.0,5697,6.27,26.77,12.74,2086990000000.0,12658417,85416000,142458200,142597200
2025-01-08,3879902,576711,218159560,148300,-1800,-1.2,3879900,576711,0.0,720823899.0,51359698.0,3.49,822800.0,122326.0,2373500.0,352822.0,0.0,0.0,0.0,0.0,822800.0,122326.0,2373500.0,352822.0,5697,6.27,26.77,12.74,2086990000000.0,12658417,85416000,142458200,142597200
2025-01-09,1964401,291101,218895094,148800,500,0.34,1714400,254511,2.0,720823899.0,51426316.0,3.5,508690.0,75537.0,410742.0,60994.0,200000.0,29692.0,200000.0,29692.0,708690.0,105229.0,610742.0,90685.0,5697,6.27,26.77,12.74,2086990000000.0,12658417,85416000,142458200,142597200
2025-01-10,2737703,405427,216688491,147300,-1500,-1.01,2524700,373943,1.0,720823899.0,51426306.0,3.5,1008279.0,149380.0,792700.0,117645.0,213000.0,31484.0,213000.0,31484.0,1221279.0,180863.0,1005700.0,149129.0,5697,6.27,26.77,12.74,2086990000000.0,12658417,85416000,142458200,142597200
2025-01-13,5156707,755429,217129811,147600,300,0.2,3488800,511097,1.0,720823899.0,53573945.0,3.64,254661.0,37430.0,1194247.0,175423.0,1667900.0,244342.0,1667900.0,244342.0,1922561.0,281772.0,2862147.0,419765.0,5697,6.27,26.77,12.74,2086990000000.0,12658417,85416000,142458200,142597200
2025-01-14,4304503,633194,213452138,145100,-2500,-1.69,2897200,422427,1.0,720823899.0,53673420.0,3.65,311267.0,45383.0,1607183.0,234460.0,78300.0,11417.0,78300.0,11417.0,389567.0,56799.0,1685483.0,245877.0,5697,6.27,26.77,12.74,2086990000000.0,12658417,85416000,142458200,142597200
2025-01-15,3329903,484993,214040566,145500,400,0.28,2840900,412809,0.0,720823899.0,53772762.0,3.66,659358.0,95718.0,1648000.0,239435.0,170900.0,24849.0,170900.0,24849.0,830258.0,120567.0,1818900.0,264284.0,5697,6.27,26.77,12.74,2086990000000.0,12658417,85416000,142458200,142597200
2025-01-16,3856703,563585,215511635,146500,1000,0.69,3568000,521397,2.0,720823899.0,54521491.0,3.71,428518.0,62689.0,1709300.0,249951.0,288700.0,42188.0,288700.0,42188.0,717218.0,104878.0,1998000.0,292139.0,5697,6.27,26.77,12.74,2086990000000.0,12658417,85416000,142458200,142597200
2025-01-17,3900004,578062,219189308,149000,2500,1.71,3537000,524314,2.0,720823899.0,55619504.0,3.78,509170.0,75267.0,1359700.0,201037.0,0.0,0.0,100000.0,14824.0,509170.0,75267.0,1459700.0,215861.0,5697,6.27,26.77,12.74,2086990000000.0,12658417,85416000,142458200,142597200
2025-01-20,2297711,343045,220660377,150000,1000,0.67,2217700,331955,0.0,720823899.0,56390526.0,3.83,876978.0,131256.0,374299.0,55945.0,0.0,0.0,0.0,0.0,876978.0,131256.0,374299.0,55945.0,5697,6.27,26.77,12.74,2086990000000.0,12658417,85416000,142458200,142597200
2025-01-21,3475801,522390,220513271,149900,-100,-0.07,2480300,372370,2.0,720823899.0,57473596.0,3.91,590230.0,88672.0,715100.0,107129.0,345500.0,51871.0,345500.0,51871.0,935730.0,140543.0,1060600.0,158999.0,5697,6.27,26.77,12.74,2086990000000.0,12658417,85416000,142458200,142597200
2025-01-22,4066602,609376,220219057,149700,-200,-0.13,2785600,417226,1.0,720823899.0,57998406.0,3.94,934890.0,139940.0,1222400.0,183080.0,0.0,0.0,0.0,0.0,934890.0,139940.0,1222400.0,183080.0,5697,6.27,26.77,12.74,2086990000000.0,12658417,85416000,142458200,142597200
2025-01-23,8459101,1299117,226985975,154300,4600,3.07,7057800,1086532,2.0,720823899.0,57496890.0,3.91,875815.0,134913.0,1043175.0,160927.0,151300.0,23292.0,151300.0,23292.0,1027115.0,158205.0,1194475.0,184219.0,5697,6.27,26.77,12.74,2086990000000.0,12658417,85416000,142458200,142597200
2025-01-24,3950706,607610,225662013,153400,-900,-0.58,3655700,561884,2.0,720823899.0,57556045.0,3.91,655945.0,100742.0,1809599.0,278236.0,0.0,0.0,0.0,0.0,655945.0,100742.0,1809599.0,278236.0,5697,6.27,26.77,12.74,2086990000000.0,12658417,85416000,142458200,142597200
2025-02-03,12863200,1890881,214040566,145500,-7900,-5.15,12747700,1873902,0.0,720823899.0,56710274.0,3.86,2068171.0,305038.0,5524455.0,813492.0,115500.0,16979.0,115500.0,16979.0,2183671.0,322016.0,5639955.0,830471.0,5697,6.27,26.77,12.74,2086990000000.0,8534914,57077300,86906100,88070200
2025-02-04,7250700,1064371,215070315,146200,700,0.48,5467700,798580,1.0,720823899.0,56561349.0,3.84,1192100.0,174145.0,2279032.0,332739.0,420000.0,61343.0,420000.0,61343.0,1612100.0,235488.0,2699032.0,394082.0,5697,6.27,26.77,12.74,2086990000000.0,8534914,57077300,86906100,88070200
2025-02-05,5344100,783416,215217421,146300,100,0.07,5204100,762696,2.0,720823899.0,55562340.0,3.78,2808608.0,411564.0,2859500.0,419099.0,0.0,0.0,0.0,0.0,2808608.0,411564.0,2859500.0,419099.0,5697,6.27,26.77,12.74,2086990000000.0,8534914,57077300,86906100,88070200
2025-02-06,3724601,544308,215511635,146500,200,0.14,3426600,500993,1.0,720823899.0,60214112.0,4.09,872683.0,127566.0,1024660.0,149802.0,0.0,0.0,0.0,0.0,872683.0,127566.0,1024660.0,149802.0,5697,6.27,26.77,12.74,2086990000000.0,8534914,57077300,86906100,88070200
2025-02-07,4365900,637557,214923208,146100,-400,-0.27,3865900,564532,1.0,720823899.0,60115223.0,4.09,2302921.0,336283.0,1931663.0,282036.0,500000.0,73025.0,500000.0,73025.0,2802921.0,409308.0,2431663.0,355061.0,5697,6.27,26.77,12.74,2086990000000.0,8534914,57077300,86906100,88070200
2025-02-10,7749600,1110284,208891824,142000,-4100,-2.81,7749600,1110284,0.0,720823899.0,60916720.0,4.14,2058003.0,295169.0,2126930.0,304578.0,0.0,0.0,0.0,0.0,2058003.0,295169.0,2126930.0,304578.0,5697,6.27,26.77,12.74,2086990000000.0,8534914,57077300,86906100,88070200
2025-02-11,7361400,1028164,213893459,145400,3400,2.39,5361400,763964,2.0,720823899.0,60083256.0,4.08,1858124.0,265032.0,2116230.0,300521.0,0.0,0.0,0.0,0.0,1858124.0,265032.0,2116230.0,300521.0,5697,6.27,26.77,12.74,2086990000000.0,8534914,57077300,86906100,88070200
2025-02-12,2035451,293775,213305032,145000,-400,-0.28,1887400,273640,1.0,720823899.0,61299019.0,4.17,685900.0,99429.0,617800.0,89569.0,0.0,0.0,0.0,0.0,685900.0,99429.0,617800.0,89569.0,5697,6.27,26.77,12.74,2086990000000.0,8534914,57077300,86906100,88070200
2025-02-13,3248100,465945,210510000,143100,-1900,-1.31,2850800,409131,2.0,720823899.0,62892705.0,4.28,503244.0,72249.0,712089.0,102280.0,397300.0,56816.0,397300.0,56816.0,900544.0,129065.0,1109389.0,159096.0,5697,6.27,26.77,12.74,2086990000000.0,8534914,57077300,86906100,88070200
2025-02-14,3251709,470242,213157925,144900,1800,1.26,3251700,470241,1.0,720823899.0,63612958.0,4.32,1378977.0,199368.0,542200.0,78401.0,0.0,0.0,0.0,0.0,1378977.0,199368.0,542200.0,78401.0,5697,6.27,26.77,12.74,2086990000000.0,8534914,57077300,86906100,88070200
2025-02-17,2816300,401807,211245535,143600,-1300,-0.9,2466300,354627,1.0,720823899.0,63640328.0,4.33,590430.0,84919.0,1083180.0,155232.0,0.0,0.0,0.0,0.0,590430.0,84919.0,1083180.0,155232.0,5697,6.27,26.77,12.74,2086990000000.0,8534914,57077300,86906100,88070200
2025-02-18,1664400,239297,211686855,143900,300,0.21,1664400,239297,2.0,720823899.0,63528198.0,4.32,762219.0,109615.0,460470.0,66175.0,0.0,0.0,0.0,0.0,762219.0,109615.0,460470.0,66175.0,5697,6.27,26.77,12.74,2086990000000.0,8534914,57077300,86906100,88070200
2025-02-19,3469801,498207,211833962,144000,100,0.07,3029800,435016,2.0,720823899.0,62990964.0,4.28,1097434.0,157727.0,749729.0,107572.0,420000.0,60321.0,440000.0,63192.0,1517434.0,218047.0,1189729.0,170764.0,5697,6.27,26.77,12.74,2086990000000.0,8534914,57077300,86906100,88070200
2025-02-20,3385400,485313,210362893,143000,-1000,-0.69,3385400,485313,2.0,720823899.0,63757444.0,4.33,269700.0,38643.0,1310309.0,187857.0,0.0,0.0,0.0,0.0,269700.0,38643.0,1310309.0,187857.0,5697,6.27,26.77,12.74,2086990000000.0,8534914,57077300,86906100,88070200
2025-02-21,5332600,756982,208891824,142000,-1000,-0.7,5312600,754130,2.0,720823899.0,62914196.0,4.28,1271718.0,180492.0,2313956.0,328420.0,0.0,0.0,0.0,0.0,1271718.0,180492.0,2313956.0,328420.0,5697,6.27,26.77,12.74,2086990000000.0,8534914,57077300,86906100,88070200
2025-02-24,7517901,1055207,206685220,140500,-1500,-1.06,7497900,1052387,0.0,720823899.0,62361682.0,4.24,1290243.0,181334.0,3072347.0,430990.0,0.0,0.0,0.0,0.0,1290243.0,181334.0,3072347.0,430990.0,5697,6.27,26.77,12.74,2086990000000.0,8534914,57077300,86906100,88070200
2025-02-25,7334400,1018328,204478616,139000,-1500,-1.07,6810400,945360,1.0,720823899.0,61855637.0,4.2,1784354.0,247873.0,3167760.0,438526.0,353000.0,49043.0,353000.0,49043.0,2137354.0,296916.0,3520760.0,487569.0,5697,6.27,26.77,12.74,2086990000000.0,8534914,57077300,86906100,88070200
2025-02-26,3739800,524682,208597610,141800,2800,2.01,3323400,466222,2.0,720823899.0,63241179.0,4.3,917414.0,128892.0,1006692.0,140924.0,500100.0,70271.0,500100.0,70271.0,1417514.0,199163.0,1506792.0,211195.0,5697,6.27,26.77,12.74,2086990000000.0,8534914,57077300,86906100,88070200
2025-02-27,3921700,553708,207862076,141300,-500,-0.35,3421700,483088,1.0,720823899.0,64762406.0,4.4,1519120.0,214414.0,1440330.0,203218.0,500000.0,70621.0,500000.0,70621.0,2019120.0,285035.0,1940330.0,273839.0,5697,6.27,26.77,12.74,2086990000000.0,8534914,57077300,86906100,88070200
2025-02-28,6943200,970677,206391006,140300,-1000,-0.71,4694400,655863,2.0,720823899.0,66050204.0,4.49,1664962.0,232570.0,2059505.0,287613.0,1456800.0,203538.0,1256800.0,175591.0,3121762.0,436108.0,3316305.0,463205.0,5697,6.27,26.77,12.74,2086990000000.0,8534914,57077300,86906100,88070200
2025-03-03,2933900,412898,206685220,140500,200,0.14,2533900,356622,1.0,720823899.0,66096965.0,4.49,959931.0,135061.0,1478256.0,207971.0,400000.0,56278.0,400000.0,56278.0,1359931.0,191340.0,1878256.0,264249.0,5697,6.27,26.77,12.74,2086990000000.0,13399266,93419200,148910100,161785900
2025-03-04,4024595,561630,205949686,140000,-500,-0.36,3471300,485622,1.0,720823899.0,66100985.0,4.49,1336310.0,186988.0,1242846.0,173449.0,400000.0,55973.0,300000.0,41980.0,1736310.0,242961.0,1542846.0,215429.0,5697,6.27,26.77,12.74,2086990000000.0,13399266,93419200,148910100,161785900
2025-03-05,2851100,398057,204625723,139100,-900,-0.64,2851100,398057,1.0,720823899.0,67518253.0,4.59,610237.0,85198.0,776300.0,108315.0,0.0,0.0,0.0,0.0,610237.0,85198.0,776300.0,108315.0,5697,6.27,26.77,12.74,2086990000000.0,13399266,93419200,148910100,161785900
2025-03-06,6511400,921080,208303396,141600,2500,1.8,6417100,907741,2.0,720823899.0,66916990.0,4.55,2079519.0,293500.0,2420240.0,342230.0,94300.0,13339.0,94300.0,13339.0,2173819.0,306839.0,2514540.0,355569.0,5697,6.27,26.77,12.74,2086990000000.0,13399266,93419200,148910100,161785900
2025-03-07,3436000,486821,208009182,141400,-200,-0.14,2954500,418579,0.0,720823899.0,67355093.0,4.58,788743.0,111749.0,1525192.0,215676.0,441500.0,62437.0,441500.0,62437.0,1230243.0,174185.0,1966692.0,278113.0,5697,6.27,26.77,12.74,2086990000000.0,13399266,93419200,148910100,161785900
2025-03-10,5681900,796168,204919937,139300,-2100,-1.49,5323000,745248,1.0,720823899.0,66589517.0,4.53,1525876.0,213768.0,2671316.0,372406.0,193900.0,27147.0,193900.0,27147.0,1719776.0,240915.0,2865216.0,399553.0,5697,6.27,26.77,12.74,2086990000000.0,13399266,93419200,148910100,161785900
2025-03-11,6164400,849430,202272013,137500,-1800,-1.29,5784400,797080,1.0,720823899.0,67582207.0,4.59,1411550.0,194553.0,1978820.0,272010.0,380000.0,52351.0,380000.0,52351.0,1791550.0,246904.0,2358820.0,324361.0,5697,6.27,26.77,12.74,2086990000000.0,13399266,93419200,148910100,161785900
2025-03-12,6365000,870067,199918302,135900,-1600,-1.16,6185000,844877,0.0,720823899.0,69107399.0,4.7,545200.0,74590.0,2706300.0,369670.0,100000.0,13660.0,100000.0,13660.0,645200.0,88251.0,2806300.0,383330.0,5697,6.27,26.77,12.74,2086990000000.0,13399266,93419200,148910100,161785900
